id,key,store,user_id,source,off_id,bls_code,matched_name,nova,nutrition,updated_at
01bc2d5d-9892-404f-b31f-b5dd10b32a1f,bio bb sb sb-hackfl.400g,Netto Marken-Discount,a9f276ec-7626-417f-bc35-1e1f13edddb8,bls,,U050100,"Rind/Schwein, Hackfleisch gemischt, roh",,"{""fat_g"":17.83,""micros"":{""iron_mg"":1.53,""zinc_mg"":3.576,""folate_ug"":2,""iodine_ug"":3.205,""sodium_mg"":57,""calcium_mg"":20.2,""magnesium_mg"":18.5,""potassium_mg"":303,""vitamin_c_mg"":0,""vitamin_d_ug"":0.56,""vitamin_b12_ug"":3.3},""carbs_g"":0,""fiber_g"":0,""sugar_g"":0,""protein_g"":18.8,""calories_kcal"":236,""processed_score"":null,""saturated_fat_g"":7.392}",2026-07-13 18:06:54+00
03bcc433-2083-41b9-a2ee-4156b5819b3a,clarkys walnusskerne,Netto Marken-Discount,a9f276ec-7626-417f-bc35-1e1f13edddb8,bls,,H120100,Walnuss,,"{""fat_g"":70.6,""micros"":{""iron_mg"":2.78,""zinc_mg"":2.64,""folate_ug"":72.8,""iodine_ug"":3,""calcium_mg"":87.3,""magnesium_mg"":140,""potassium_mg"":444,""vitamin_d_ug"":0},""carbs_g"":3,""fiber_g"":4.6,""sugar_g"":2.68,""protein_g"":16.07,""calories_kcal"":721,""processed_score"":null,""saturated_fat_g"":6.516}",2026-07-14 17:59:41+00
03e92940-663a-4fa0-aacc-4fc3c38ec814,dinkelschnitte,LIDL,a9f276ec-7626-417f-bc35-1e1f13edddb8,bls,,B710500,Dinkelbrot,,"{""fat_g"":2.39,""micros"":{""iron_mg"":2.124,""zinc_mg"":2,""folate_ug"":21,""iodine_ug"":1,""sodium_mg"":474,""calcium_mg"":35.9,""magnesium_mg"":65.8,""potassium_mg"":158,""vitamin_c_mg"":0,""vitamin_d_ug"":0,""vitamin_b12_ug"":0},""carbs_g"":38,""fiber_g"":6.76,""sugar_g"":0.684,""protein_g"":8.4,""calories_kcal"":221,""processed_score"":null,""saturated_fat_g"":0.55}",2026-06-30 19:45:15+00
04c3b2d9-26ea-4e2b-870b-0e71fa7a664b,radieschen,ALDI,a9f276ec-7626-417f-bc35-1e1f13edddb8,bls,,G691100,Radieschen roh,,"{""fat_g"":0.14,""micros"":{""iron_mg"":0.441,""zinc_mg"":0.12,""folate_ug"":24,""iodine_ug"":1.241,""sodium_mg"":22,""calcium_mg"":25,""magnesium_mg"":9.4,""potassium_mg"":239,""vitamin_c_mg"":29,""vitamin_d_ug"":0,""vitamin_b12_ug"":0},""carbs_g"":2.31,""fiber_g"":1.5,""sugar_g"":2.133,""protein_g"":1.05,""calories_kcal"":18,""processed_score"":null,""saturated_fat_g"":0.033}",2026-07-19 17:03:57+00
0546c61e-00b0-4047-8ca1-f79dab3525cc,kartoffeln süß,LIDL,a9f276ec-7626-417f-bc35-1e1f13edddb8,bls,,K420100,"Batate/Süßkartoffel, roh",,"{""fat_g"":0.6,""micros"":{""iron_mg"":0.664,""zinc_mg"":0.23,""folate_ug"":50,""iodine_ug"":2.4,""sodium_mg"":4,""calcium_mg"":22.429,""magnesium_mg"":18.3,""potassium_mg"":360,""vitamin_c_mg"":30,""vitamin_d_ug"":0,""vitamin_b12_ug"":0},""carbs_g"":25.2,""fiber_g"":3.14,""sugar_g"":5.5,""protein_g"":1.63,""calories_kcal"":119,""processed_score"":null,""saturated_fat_g"":0}",2025-12-10 20:21:39+00
0adc2434-d0c7-4395-a2bb-fe3964b14f63,bio limetten,LIDL,a9f276ec-7626-417f-bc35-1e1f13edddb8,bls,,F602100,Limette roh,,"{""fat_g"":0.2,""micros"":{""iron_mg"":0.138,""zinc_mg"":0.0777,""folate_ug"":6.3,""iodine_ug"":1.6,""sodium_mg"":2.2,""calcium_mg"":13,""magnesium_mg"":6.7,""potassium_mg"":135,""vitamin_c_mg"":43.5,""vitamin_d_ug"":0,""vitamin_b12_ug"":0},""carbs_g"":1.9,""fiber_g"":1.29,""sugar_g"":1.9,""protein_g"":0.5,""calories_kcal"":28,""processed_score"":null,""saturated_fat_g"":0}",2026-07-15 17:35:05+00
0b1a0c9c-3a88-4dd3-b1d3-a711cb28bea7,gebäckstangen,ALDI,a9f276ec-7626-417f-bc35-1e1f13edddb8,bls,,X9A3050,Grissini,,"{""fat_g"":13,""micros"":{""iron_mg"":1.435,""zinc_mg"":1.7,""folate_ug"":18,""iodine_ug"":4,""sodium_mg"":230,""calcium_mg"":264,""magnesium_mg"":74,""potassium_mg"":258,""vitamin_c_mg"":0,""vitamin_d_ug"":0,""vitamin_b12_ug"":0},""carbs_g"":44,""fiber_g"":7.05,""sugar_g"":1.11,""protein_g"":11.63,""calories_kcal"":354,""processed_score"":null,""saturated_fat_g"":1.4}",2026-07-19 17:03:57+00
0c178de7-fbf6-4285-ac19-7870a8921705,tony's great.bits,E center Cramer (EDEKA),a9f276ec-7626-417f-bc35-1e1f13edddb8,bls,,S500000,Schokolade,,"{""fat_g"":28.36,""micros"":{""iron_mg"":10.5528,""zinc_mg"":1.6993,""folate_ug"":12.5,""iodine_ug"":3,""sodium_mg"":8.7,""calcium_mg"":42.6,""magnesium_mg"":120.2,""potassium_mg"":437,""vitamin_d_ug"":2.82,""vitamin_b12_ug"":0.53},""carbs_g"":57.5,""fiber_g"":6.57,""sugar_g"":55.354,""protein_g"":5.49,""calories_kcal"":520,""processed_score"":null,""saturated_fat_g"":16.87}",2026-07-19 16:56:44+00
0cf52490-e204-4ac3-8e81-f1f385567f0f,kartoffeln,Kaufland,a9f276ec-7626-417f-bc35-1e1f13edddb8,bls,,K120100,"Kartoffel ungeschält, roh",,"{""fat_g"":0.1,""micros"":{""iron_mg"":0.55,""zinc_mg"":0.2,""folate_ug"":14,""iodine_ug"":3.4,""sodium_mg"":10,""calcium_mg"":4,""magnesium_mg"":18,""potassium_mg"":463,""vitamin_c_mg"":18.76,""vitamin_d_ug"":0,""vitamin_b12_ug"":0},""carbs_g"":18.46,""fiber_g"":1.42,""sugar_g"":1.46,""protein_g"":2.05,""calories_kcal"":86,""processed_score"":null,""saturated_fat_g"":0.034}",2026-07-09 19:09:51+00
0ee9905e-31a9-462b-b033-00a3c4f872c6,speisequark,LIDL,a9f276ec-7626-417f-bc35-1e1f13edddb8,bls,,M713100,"Speisequark Magerstufe, Magerquark < 10 % Fett i. Tr.",,"{""fat_g"":0.18,""micros"":{""iron_mg"":0.035,""zinc_mg"":0.56,""folate_ug"":21.9,""iodine_ug"":17,""sodium_mg"":33.6,""calcium_mg"":132,""magnesium_mg"":11.6,""potassium_mg"":151,""vitamin_c_mg"":4.205,""vitamin_d_ug"":0,""vitamin_b12_ug"":0.61},""carbs_g"":3.68,""fiber_g"":0,""sugar_g"":3.68,""protein_g"":11.85,""calories_kcal"":66,""processed_score"":null,""saturated_fat_g"":0.114}",2025-12-10 20:21:39+00
114d2347-1758-4140-aea5-5f23efc3059f,huizer gouda,E center Cramer (EDEKA),a9f276ec-7626-417f-bc35-1e1f13edddb8,bls,,M402600,Gouda 48 % Fett i. Tr.,,"{""fat_g"":31.58,""micros"":{""iron_mg"":0.196,""zinc_mg"":3.59,""folate_ug"":43.6,""iodine_ug"":11.8,""sodium_mg"":868,""calcium_mg"":862.7,""magnesium_mg"":31.1,""potassium_mg"":100.1,""vitamin_c_mg"":1.06,""vitamin_d_ug"":0.35,""vitamin_b12_ug"":1.78},""carbs_g"":0,""fiber_g"":0,""sugar_g"":0,""protein_g"":22.47,""calories_kcal"":379,""processed_score"":null,""saturated_fat_g"":22.53}",2026-07-09 17:55:25+00
121dfee5-aba6-4f89-8e2c-f830e1b5ff23,vand.mai gouda,E center Cramer (EDEKA),a9f276ec-7626-417f-bc35-1e1f13edddb8,bls,,M402600,Gouda 48 % Fett i. Tr.,,"{""fat_g"":31.58,""micros"":{""iron_mg"":0.196,""zinc_mg"":3.59,""folate_ug"":43.6,""iodine_ug"":11.8,""sodium_mg"":868,""calcium_mg"":862.7,""magnesium_mg"":31.1,""potassium_mg"":100.1,""vitamin_c_mg"":1.06,""vitamin_d_ug"":0.35,""vitamin_b12_ug"":1.78},""carbs_g"":0,""fiber_g"":0,""sugar_g"":0,""protein_g"":22.47,""calories_kcal"":379,""processed_score"":null,""saturated_fat_g"":22.53}",2026-07-19 18:38:02+00
1706c5b6-7f62-4a13-b68d-3a34388847e7,auberginen a,Lidl,a9f276ec-7626-417f-bc35-1e1f13edddb8,bls,,G510100,Aubergine roh,,"{""fat_g"":0.18,""micros"":{""iron_mg"":0.2,""zinc_mg"":0.11,""folate_ug"":41,""iodine_ug"":0.8,""sodium_mg"":4,""calcium_mg"":8,""magnesium_mg"":12.5,""potassium_mg"":175,""vitamin_c_mg"":4.09,""vitamin_d_ug"":0,""vitamin_b12_ug"":0},""carbs_g"":3.02,""fiber_g"":1.4,""sugar_g"":2.69,""protein_g"":0.57,""calories_kcal"":19,""processed_score"":null,""saturated_fat_g"":0.039}",2026-07-20 14:16:58.846998+00
182ccdb8-6c85-475f-b319-cc2d775fece4,avocado vorger,LIDL,a9f276ec-7626-417f-bc35-1e1f13edddb8,bls,,F502100,Avocado roh,,"{""fat_g"":12.5,""micros"":{""iron_mg"":0.44,""zinc_mg"":0.644,""folate_ug"":20.2,""iodine_ug"":3,""sodium_mg"":5,""calcium_mg"":14,""magnesium_mg"":24.6,""potassium_mg"":550,""vitamin_c_mg"":13,""vitamin_d_ug"":0},""carbs_g"":1.37,""fiber_g"":4.1,""sugar_g"":1.37,""protein_g"":1.37,""calories_kcal"":132,""processed_score"":null,""saturated_fat_g"":2.589}",2025-12-10 20:21:39+00
18cc9e11-0581-4f06-89ba-f3e93bbc1179,brühen im,ALDI,a9f276ec-7626-417f-bc35-1e1f13edddb8,bls,,R810000,"Bouillon/Brühe/Suppe (Brühwürfel, Pulver)",,"{""fat_g"":5.8,""micros"":{""iron_mg"":1.692,""zinc_mg"":0.64,""folate_ug"":26,""iodine_ug"":362.8,""sodium_mg"":20692.5,""calcium_mg"":63.9,""magnesium_mg"":29,""potassium_mg"":1005,""vitamin_c_mg"":7.9,""vitamin_d_ug"":0,""vitamin_b12_ug"":0.16},""carbs_g"":27.91,""fiber_g"":2.9,""sugar_g"":0.4,""protein_g"":5.82,""calories_kcal"":195,""processed_score"":null,""saturated_fat_g"":2.68}",2026-07-19 18:10:10+00
1a0acc66-4e64-4189-86d6-e5ffa0e7043a,bio naturland speisem,Netto Marken-Discount,a9f276ec-7626-417f-bc35-1e1f13edddb8,bls,,G620100,"Karotte/Möhre, roh",,"{""fat_g"":0.4,""micros"":{""iron_mg"":0.3553,""zinc_mg"":0.25581,""folate_ug"":22,""iodine_ug"":3.1,""sodium_mg"":22.7,""calcium_mg"":21.1,""magnesium_mg"":12,""potassium_mg"":355.1,""vitamin_c_mg"":3.22,""vitamin_d_ug"":0,""vitamin_b12_ug"":0},""carbs_g"":6.471,""fiber_g"":2.9,""sugar_g"":6.37,""protein_g"":0.84,""calories_kcal"":40,""processed_score"":null,""saturated_fat_g"":0.093}",2026-07-13 18:06:54+00
1a81d3f7-0d1f-4466-bf51-4f3a8cc2ccbe,weihenstephan butter,Netto Marken-Discount,a9f276ec-7626-417f-bc35-1e1f13edddb8,bls,,Q611000,Butter mild gesäuert,,"{""fat_g"":82.2,""micros"":{""iron_mg"":0.166,""zinc_mg"":0.042,""folate_ug"":0,""iodine_ug"":23,""sodium_mg"":11,""calcium_mg"":19,""magnesium_mg"":2.2,""potassium_mg"":9,""vitamin_c_mg"":0.2,""vitamin_d_ug"":0.257,""vitamin_b12_ug"":0.3},""carbs_g"":0.571,""fiber_g"":0,""sugar_g"":0.571,""protein_g"":1.188,""calories_kcal"":747,""processed_score"":null,""saturated_fat_g"":52.656}",2026-07-09 18:02:38+00
1b4ed149-3447-45a2-be08-677d1fd002ea,bio paprika rot,LIDL,a9f276ec-7626-417f-bc35-1e1f13edddb8,bls,,G543100,"Gemüsepaprika rot, roh",,"{""fat_g"":0.2,""micros"":{""iron_mg"":0.377,""zinc_mg"":0.187,""folate_ug"":54,""iodine_ug"":3,""sodium_mg"":1.25,""calcium_mg"":8,""magnesium_mg"":14.12,""potassium_mg"":211,""vitamin_c_mg"":159.81,""vitamin_d_ug"":0,""vitamin_b12_ug"":0},""carbs_g"":6.19,""fiber_g"":2.2,""sugar_g"":6.19,""protein_g"":1.025,""calories_kcal"":36,""processed_score"":null,""saturated_fat_g"":0.0323}",2025-12-10 20:21:39+00
1c857699-7773-47ca-a8e5-b34e21cb9e10,cocktailrispe,PENNY,a9f276ec-7626-417f-bc35-1e1f13edddb8,bls,,G561100,Tomate roh,,"{""fat_g"":0.11,""micros"":{""iron_mg"":0.2,""zinc_mg"":0.14,""folate_ug"":26,""iodine_ug"":2,""sodium_mg"":4,""calcium_mg"":10,""magnesium_mg"":12,""potassium_mg"":239,""vitamin_c_mg"":24.76,""vitamin_d_ug"":0,""vitamin_b12_ug"":0},""carbs_g"":3.25,""fiber_g"":1.3,""sugar_g"":3.25,""protein_g"":0.95,""calories_kcal"":22,""processed_score"":null,""saturated_fat_g"":0.0216}",2026-07-19 19:17:23+00
1db364a1-f8a1-4dcc-b771-2c8ef63fb174,auberginen,LIDL,a9f276ec-7626-417f-bc35-1e1f13edddb8,bls,,G510100,Aubergine roh,,"{""fat_g"":0.18,""micros"":{""iron_mg"":0.2,""zinc_mg"":0.11,""folate_ug"":41,""iodine_ug"":0.8,""sodium_mg"":4,""calcium_mg"":8,""magnesium_mg"":12.5,""potassium_mg"":175,""vitamin_c_mg"":4.09,""vitamin_d_ug"":0,""vitamin_b12_ug"":0},""carbs_g"":3.02,""fiber_g"":1.4,""sugar_g"":2.69,""protein_g"":0.57,""calories_kcal"":19,""processed_score"":null,""saturated_fat_g"":0.039}",2025-12-10 20:21:39+00
21c8ee6c-5f77-4264-be97-3005f3cf7f69,bio cashewkerne,LIDL,a9f276ec-7626-417f-bc35-1e1f13edddb8,bls,,H170100,Cashewkern,,"{""fat_g"":47.1,""micros"":{""iron_mg"":6.41,""zinc_mg"":5.15,""folate_ug"":67.7,""iodine_ug"":5,""sodium_mg"":10,""calcium_mg"":38,""magnesium_mg"":258,""potassium_mg"":689,""vitamin_d_ug"":0},""carbs_g"":26,""fiber_g"":3,""sugar_g"":6.15,""protein_g"":21.01,""calories_kcal"":618,""processed_score"":null,""saturated_fat_g"":9.262}",2026-06-30 19:45:15+00
24bb23b0-0730-478d-b2f6-e5ec59b2338f,plattpfirsiche,PENNY,a9f276ec-7626-417f-bc35-1e1f13edddb8,bls,,F203100,Pfirsich roh,,"{""fat_g"":0.11,""micros"":{""iron_mg"":0.276,""zinc_mg"":0.13,""folate_ug"":8,""sodium_mg"":0.687,""calcium_mg"":6,""magnesium_mg"":9,""potassium_mg"":198,""vitamin_c_mg"":10,""vitamin_d_ug"":0,""vitamin_b12_ug"":0},""carbs_g"":8.02,""fiber_g"":1.7,""sugar_g"":6.99,""protein_g"":0.7,""calories_kcal"":39,""processed_score"":null,""saturated_fat_g"":0.01}",2026-07-19 19:17:23+00
2541b7ea-f150-426b-a1e0-9ffdb39c4d59,feldsalat,ALDI,a9f276ec-7626-417f-bc35-1e1f13edddb8,bls,,G104100,"Feldsalat/Rapunzel, roh",,"{""fat_g"":0.36,""micros"":{""iron_mg"":1.84,""zinc_mg"":0.32,""folate_ug"":108,""sodium_mg"":10.06,""calcium_mg"":59.2,""magnesium_mg"":39.5,""potassium_mg"":441,""vitamin_c_mg"":35,""vitamin_d_ug"":0,""vitamin_b12_ug"":0},""carbs_g"":0.808,""fiber_g"":1.8,""sugar_g"":0.8,""protein_g"":1.9,""calories_kcal"":18,""processed_score"":null,""saturated_fat_g"":0.017}",2026-07-19 17:03:57+00
254992ae-6762-489f-9b20-0969a9c606a0,griech joghurt a,Lidl,a9f276ec-7626-417f-bc35-1e1f13edddb8,bls,,M141200,"Joghurt fettarm, mind. 1,5 % bis max. 1,8 % Fett",,"{""fat_g"":1.6,""micros"":{""iron_mg"":0.044,""zinc_mg"":0.36,""folate_ug"":6,""iodine_ug"":3.6,""sodium_mg"":57,""calcium_mg"":114,""magnesium_mg"":11,""potassium_mg"":149,""vitamin_c_mg"":1.6,""vitamin_d_ug"":0.028,""vitamin_b12_ug"":0.4},""carbs_g"":6.046,""fiber_g"":0,""sugar_g"":5.773,""protein_g"":5.035,""calories_kcal"":62,""processed_score"":null,""saturated_fat_g"":0.92}",2026-07-20 14:26:22.532664+00
256d0b00-2f8b-42ec-8cfd-47864c2da66a,broccoli vke,Netto Marken-Discount,a9f276ec-7626-417f-bc35-1e1f13edddb8,bls,,G312100,Broccoli roh,,"{""fat_g"":0.5967,""micros"":{""iron_mg"":0.978,""zinc_mg"":0.66,""folate_ug"":89,""iodine_ug"":2,""sodium_mg"":26,""calcium_mg"":43,""magnesium_mg"":27,""potassium_mg"":396,""vitamin_c_mg"":80.95,""vitamin_d_ug"":0,""vitamin_b12_ug"":0},""carbs_g"":2.3,""fiber_g"":3,""sugar_g"":1.38,""protein_g"":3.622,""calories_kcal"":35,""processed_score"":null,""saturated_fat_g"":0.1189}",2026-07-13 18:06:54+00
267fb162-3b03-4fec-9a81-9b20435c225a,ostm.rosmarin geschn.50g,Netto Marken-Discount,a9f276ec-7626-417f-bc35-1e1f13edddb8,off,9001414024690,,"Rosmarin geschnitten, getrocknet",,"{""fat_g"":null,""micros"":{},""carbs_g"":null,""fiber_g"":null,""sugar_g"":null,""protein_g"":null,""calories_kcal"":null,""processed_score"":null,""saturated_fat_g"":null}",2026-07-09 19:13:07+00
268d57eb-0779-4678-b546-d3436f644d04,gurken,E center Cramer (EDEKA),a9f276ec-7626-417f-bc35-1e1f13edddb8,bls,,G520100,Gurke roh,,"{""fat_g"":0.2,""micros"":{""iron_mg"":0.228,""zinc_mg"":0.12,""folate_ug"":13,""iodine_ug"":2,""sodium_mg"":3,""calcium_mg"":19,""magnesium_mg"":12,""potassium_mg"":181,""vitamin_c_mg"":8,""vitamin_d_ug"":0,""vitamin_b12_ug"":0},""carbs_g"":1.97,""fiber_g"":0.9,""sugar_g"":1.97,""protein_g"":1.062,""calories_kcal"":16,""processed_score"":null,""saturated_fat_g"":0.067}",2026-07-19 18:38:02+00
27b6a54b-6914-4295-8fa1-386ba7e26cb2,paprika mix,Kaufland,a9f276ec-7626-417f-bc35-1e1f13edddb8,bls,,G543100,"Gemüsepaprika rot, roh",,"{""fat_g"":0.2,""micros"":{""iron_mg"":0.377,""zinc_mg"":0.187,""folate_ug"":54,""iodine_ug"":3,""sodium_mg"":1.25,""calcium_mg"":8,""magnesium_mg"":14.12,""potassium_mg"":211,""vitamin_c_mg"":159.81,""vitamin_d_ug"":0,""vitamin_b12_ug"":0},""carbs_g"":6.19,""fiber_g"":2.2,""sugar_g"":6.19,""protein_g"":1.025,""calories_kcal"":36,""processed_score"":null,""saturated_fat_g"":0.0323}",2026-07-09 19:09:51+00
28da2718-038f-40b1-ba1b-c5833023e601,ze kiwis gold,E center Cramer (EDEKA),a9f276ec-7626-417f-bc35-1e1f13edddb8,bls,,F514100,Kiwi roh,,"{""fat_g"":0.5,""micros"":{""iron_mg"":0.2,""zinc_mg"":0.09,""folate_ug"":35,""iodine_ug"":0.8,""sodium_mg"":3,""calcium_mg"":26,""magnesium_mg"":14,""potassium_mg"":280,""vitamin_c_mg"":71,""vitamin_d_ug"":0,""vitamin_b12_ug"":0},""carbs_g"":10.1,""fiber_g"":3.9,""sugar_g"":10.1,""protein_g"":0.9,""calories_kcal"":61,""processed_score"":null,""saturated_fat_g"":0}",2026-07-09 17:55:25+00
29c2c6f5-4fba-4e0c-bbcf-1183df7c2b64,tomaten-mix vke,Netto Marken-Discount,a9f276ec-7626-417f-bc35-1e1f13edddb8,bls,,G561100,Tomate roh,,"{""fat_g"":0.11,""micros"":{""iron_mg"":0.2,""zinc_mg"":0.14,""folate_ug"":26,""iodine_ug"":2,""sodium_mg"":4,""calcium_mg"":10,""magnesium_mg"":12,""potassium_mg"":239,""vitamin_c_mg"":24.76,""vitamin_d_ug"":0,""vitamin_b12_ug"":0},""carbs_g"":3.25,""fiber_g"":1.3,""sugar_g"":3.25,""protein_g"":0.95,""calories_kcal"":22,""processed_score"":null,""saturated_fat_g"":0.0216}",2026-07-14 17:59:41+00
2a9865e1-d9dc-4149-a162-a96368fb284f,ostm.paprika ger gem.50g,Netto Marken-Discount,a9f276ec-7626-417f-bc35-1e1f13edddb8,off,4002674054071,,Paprika edelsüß gemahlen,1.0,"{""fat_g"":0.27,""micros"":{},""carbs_g"":4.55,""fiber_g"":1.5,""sugar_g"":2.7,""protein_g"":0.8,""calories_kcal"":26,""processed_score"":1,""saturated_fat_g"":0.071}",2026-07-02 17:27:33+00
2e74c0c4-7313-46e9-9ade-d41e6f55e6dd,bio müsli schoko kn,LIDL,a9f276ec-7626-417f-bc35-1e1f13edddb8,bls,,C512800,"Müslimischung mit Schokolade, glutenfrei, gesüßt",,"{""fat_g"":14.7,""micros"":{""iron_mg"":2.8,""zinc_mg"":1.66,""folate_ug"":21,""iodine_ug"":5,""sodium_mg"":340,""calcium_mg"":44,""magnesium_mg"":83,""potassium_mg"":354,""vitamin_c_mg"":0.8,""vitamin_d_ug"":0.5,""vitamin_b12_ug"":0.1},""carbs_g"":60.5,""fiber_g"":5.4,""sugar_g"":24.6,""protein_g"":7.1,""calories_kcal"":414,""processed_score"":null,""saturated_fat_g"":7.6}",2026-06-30 19:45:15+00
30cba3f2-7558-44aa-941c-1f04a196087b,banane lose,LIDL,a9f276ec-7626-417f-bc35-1e1f13edddb8,bls,,F503100,Banane roh,,"{""fat_g"":0.4,""micros"":{""iron_mg"":0.4,""zinc_mg"":0.18,""folate_ug"":14,""iodine_ug"":3,""sodium_mg"":0.52,""calcium_mg"":6,""magnesium_mg"":28,""potassium_mg"":334,""vitamin_c_mg"":11,""vitamin_d_ug"":0,""vitamin_b12_ug"":0},""carbs_g"":15.89,""fiber_g"":2,""sugar_g"":13.89,""protein_g"":1.319,""calories_kcal"":79,""processed_score"":null,""saturated_fat_g"":0.0729}",2025-12-30 17:28:52+00
339ed827-c585-47d2-bb7b-2b4808f45b29,gl joghurt 4x150g vl06,Netto Marken-Discount,a9f276ec-7626-417f-bc35-1e1f13edddb8,bls,,M141300,"Joghurt mild, mind. 3,5 % Fett",,"{""fat_g"":3.46,""micros"":{""iron_mg"":0.022,""zinc_mg"":0.39,""folate_ug"":6.4,""iodine_ug"":3.5,""sodium_mg"":40,""calcium_mg"":110.5,""magnesium_mg"":11.2,""potassium_mg"":172.5,""vitamin_d_ug"":0,""vitamin_b12_ug"":0.208},""carbs_g"":4.13,""fiber_g"":0,""sugar_g"":4.13,""protein_g"":3.98,""calories_kcal"":67,""processed_score"":null,""saturated_fat_g"":2.27}",2026-07-11 18:34:46+00
33e332c3-5d7b-4205-a1c5-9ddcb4ed2528,lauchzwiebeln,ALDI,a9f276ec-7626-417f-bc35-1e1f13edddb8,bls,,G482100,"Frühlingszwiebel/Lauchzwiebel, roh",,"{""fat_g"":0.19,""micros"":{""iron_mg"":1.69,""zinc_mg"":0.18,""folate_ug"":89,""iodine_ug"":1,""sodium_mg"":12,""calcium_mg"":56,""magnesium_mg"":16,""potassium_mg"":268,""vitamin_c_mg"":22,""vitamin_d_ug"":0,""vitamin_b12_ug"":0},""carbs_g"":3,""fiber_g"":2.6,""sugar_g"":2.8,""protein_g"":1.9,""calories_kcal"":27,""processed_score"":null,""saturated_fat_g"":0.032}",2026-07-19 17:03:57+00
3646987a-840c-406b-83ea-b48ba65308e9,minigurken,Netto,2fd0f9b5-a2bf-462c-b4f3-a24244df5118,off,4063367308642,,Minigurken,,"{""fat_g"":0.2,""micros"":{},""carbs_g"":2,""fiber_g"":null,""iron_mg"":null,""sources"":{},""sugar_g"":null,""protein_g"":0.6,""calcium_mg"":null,""calories_kcal"":12,""processed_score"":null,""saturated_fat_g"":null}",2026-07-15 11:06:24.766432+00
364e13e1-753f-44a6-86f4-3c79586555f4,bio paprika rot a,"Lidl
",a9f276ec-7626-417f-bc35-1e1f13edddb8,bls,,G543100,"Gemüsepaprika rot, roh",,"{""fat_g"":0.2,""micros"":{""iron_mg"":0.377,""zinc_mg"":0.187,""folate_ug"":54,""iodine_ug"":3,""sodium_mg"":1.25,""calcium_mg"":8,""magnesium_mg"":14.12,""potassium_mg"":211,""vitamin_c_mg"":159.81,""vitamin_d_ug"":0,""vitamin_b12_ug"":0},""carbs_g"":6.19,""fiber_g"":2.2,""sugar_g"":6.19,""protein_g"":1.025,""calories_kcal"":36,""processed_score"":null,""saturated_fat_g"":0.0323}",2026-07-20 14:22:58.789126+00
370d153c-2be4-49ae-97fd-eb8638154ffb,bio nl zucchini,Netto Marken-Discount,a9f276ec-7626-417f-bc35-1e1f13edddb8,bls,,G582100,Zucchini roh,,"{""fat_g"":0.287,""micros"":{""iron_mg"":0.4,""zinc_mg"":0.24,""folate_ug"":42,""iodine_ug"":2.56,""sodium_mg"":1.08,""calcium_mg"":20.4,""magnesium_mg"":28.61,""potassium_mg"":257.64,""vitamin_c_mg"":17.6,""vitamin_d_ug"":0,""vitamin_b12_ug"":0},""carbs_g"":3,""fiber_g"":1.1,""sugar_g"":2,""protein_g"":1.3,""calories_kcal"":22,""processed_score"":null,""saturated_fat_g"":0.068}",2026-07-13 18:06:54+00
373fa583-c98c-4264-bfae-aa2127ba43fe,‚ vand.mai gouda aw,Edeka,2fd0f9b5-a2bf-462c-b4f3-a24244df5118,bls,,M402600,Gouda 48 % Fett i. Tr.,,"{""fat_g"":31.58,""micros"":{""iron_mg"":0.196,""zinc_mg"":3.59,""folate_ug"":43.6,""iodine_ug"":11.8,""sodium_mg"":868,""calcium_mg"":862.7,""magnesium_mg"":31.1,""potassium_mg"":100.1,""vitamin_c_mg"":1.06,""vitamin_d_ug"":0.35,""vitamin_b12_ug"":1.78},""carbs_g"":0,""fiber_g"":0,""sugar_g"":0,""protein_g"":22.47,""calories_kcal"":379,""processed_score"":null,""saturated_fat_g"":22.53}",2026-07-15 10:28:04.047245+00
386e28e9-ed3b-4f7f-8602-f74e9518e46e,hummus ras el-hanout,LIDL,a9f276ec-7626-417f-bc35-1e1f13edddb8,bls,,H960000,Hummus/Kichererbsenmus,,"{""fat_g"":28.5,""micros"":{""iron_mg"":1.7,""zinc_mg"":1.2,""folate_ug"":28,""iodine_ug"":1,""sodium_mg"":392,""calcium_mg"":58,""magnesium_mg"":65,""potassium_mg"":190,""vitamin_c_mg"":1.4,""vitamin_d_ug"":0,""vitamin_b12_ug"":0},""carbs_g"":8,""fiber_g"":5.9,""sugar_g"":0.7,""protein_g"":5.9,""calories_kcal"":324,""processed_score"":null,""saturated_fat_g"":3.5}",2025-12-30 17:28:52+00
38739d21-177a-4438-9aa6-51cbfed79fee,spreewälder gurken,LIDL,a9f276ec-7626-417f-bc35-1e1f13edddb8,bls,,G520802,Gurke gesäuert (Gewürzgurke) abgetropft,,"{""fat_g"":null,""micros"":{""iron_mg"":0.25,""zinc_mg"":0.1,""folate_ug"":14.6,""sodium_mg"":454,""calcium_mg"":22,""magnesium_mg"":11.2,""potassium_mg"":126.5,""vitamin_d_ug"":0,""vitamin_b12_ug"":0},""carbs_g"":5.52,""fiber_g"":0.88,""sugar_g"":5.49,""protein_g"":0.9,""calories_kcal"":33,""processed_score"":null,""saturated_fat_g"":0}",2025-12-30 17:28:52+00
3e07c5df-a81a-4880-ac18-0f9ff1422a60,airwavescoolcassis50st,Netto Marken-Discount,a9f276ec-7626-417f-bc35-1e1f13edddb8,off,4009900537698,,Airwaves Cool Cassis,4.0,"{""fat_g"":0,""micros"":{},""carbs_g"":63,""fiber_g"":null,""sugar_g"":0,""protein_g"":0,""calories_kcal"":151,""processed_score"":4,""saturated_fat_g"":0}",2026-07-09 19:13:07+00
3e8afbda-ea02-4239-be47-302855a7042e,irische butter kerrygold,Netto Marken-Discount,a9f276ec-7626-417f-bc35-1e1f13edddb8,bls,,Q6A4000,Butter gesalzen,,"{""fat_g"":80.556,""micros"":{""iron_mg"":0.163,""zinc_mg"":0.043,""folate_ug"":0,""iodine_ug"":23,""sodium_mg"":774,""calcium_mg"":20,""magnesium_mg"":2.3,""potassium_mg"":12,""vitamin_c_mg"":0.196,""vitamin_d_ug"":0.252,""vitamin_b12_ug"":0.3},""carbs_g"":0.56,""fiber_g"":0,""sugar_g"":0.56,""protein_g"":1.164,""calories_kcal"":732,""processed_score"":null,""saturated_fat_g"":51.603}",2026-07-07 16:20:20+00
3eeb2262-b020-4c77-af79-88b868f52b61,minigurken,Netto Marken-Discount,a9f276ec-7626-417f-bc35-1e1f13edddb8,bls,,G520100,Gurke roh,,"{""fat_g"":0.2,""micros"":{""iron_mg"":0.228,""zinc_mg"":0.12,""folate_ug"":13,""iodine_ug"":2,""sodium_mg"":3,""calcium_mg"":19,""magnesium_mg"":12,""potassium_mg"":181,""vitamin_c_mg"":8,""vitamin_d_ug"":0,""vitamin_b12_ug"":0},""carbs_g"":1.97,""fiber_g"":0.9,""sugar_g"":1.97,""protein_g"":1.062,""calories_kcal"":16,""processed_score"":null,""saturated_fat_g"":0.067}",2026-07-07 16:20:20+00
4179318c-c866-4707-8088-f4472b6369d5,bio zucchini a,Lidl,a9f276ec-7626-417f-bc35-1e1f13edddb8,bls,,G582100,Zucchini roh,,"{""fat_g"":0.287,""micros"":{""iron_mg"":0.4,""zinc_mg"":0.24,""folate_ug"":42,""iodine_ug"":2.56,""sodium_mg"":1.08,""calcium_mg"":20.4,""magnesium_mg"":28.61,""potassium_mg"":257.64,""vitamin_c_mg"":17.6,""vitamin_d_ug"":0,""vitamin_b12_ug"":0},""carbs_g"":3,""fiber_g"":1.1,""sugar_g"":2,""protein_g"":1.3,""calories_kcal"":22,""processed_score"":null,""saturated_fat_g"":0.068}",2026-07-20 14:21:58.392092+00
46dca235-c206-4de3-8800-58569cdc5522,frischkäse a,Lidl,a9f276ec-7626-417f-bc35-1e1f13edddb8,bls,,M820200,"Frischkäsezubereitung Natur, mind. 10 % Fett i. Tr.",,"{""fat_g"":2.8,""micros"":{""iron_mg"":0.07,""zinc_mg"":0.5,""folate_ug"":26,""iodine_ug"":14,""sodium_mg"":200,""calcium_mg"":100,""magnesium_mg"":10,""potassium_mg"":120,""vitamin_c_mg"":4.137,""vitamin_d_ug"":0,""vitamin_b12_ug"":0.7},""carbs_g"":3,""fiber_g"":0,""sugar_g"":3,""protein_g"":11.6,""calories_kcal"":86,""processed_score"":null,""saturated_fat_g"":1.9}",2026-07-20 14:25:32.833154+00
489a1f69-341e-4d56-ad2e-233dc214cfef,gt toast sort,Netto Marken-Discount,a9f276ec-7626-417f-bc35-1e1f13edddb8,bls,,B314000,Weizentoastbrot/Buttertoastbrot,,"{""fat_g"":3.59,""micros"":{""iron_mg"":0.85,""zinc_mg"":0.66,""folate_ug"":19.3,""iodine_ug"":3,""sodium_mg"":598,""calcium_mg"":15.8,""magnesium_mg"":18.6,""potassium_mg"":133,""vitamin_d_ug"":0},""carbs_g"":46.8,""fiber_g"":3.947,""sugar_g"":3.7,""protein_g"":8.29,""calories_kcal"":261,""processed_score"":null,""saturated_fat_g"":2.186}",2026-07-16 16:52:28+00
493a043f-30db-47ac-baa6-acefbfacd20e,bananen fairtra,LIDL,a9f276ec-7626-417f-bc35-1e1f13edddb8,bls,,F503100,Banane roh,,"{""fat_g"":0.4,""micros"":{""iron_mg"":0.4,""zinc_mg"":0.18,""folate_ug"":14,""iodine_ug"":3,""sodium_mg"":0.52,""calcium_mg"":6,""magnesium_mg"":28,""potassium_mg"":334,""vitamin_c_mg"":11,""vitamin_d_ug"":0,""vitamin_b12_ug"":0},""carbs_g"":15.89,""fiber_g"":2,""sugar_g"":13.89,""protein_g"":1.319,""calories_kcal"":79,""processed_score"":null,""saturated_fat_g"":0.0729}",2025-12-10 20:21:39+00
4a7cf6c7-a1fd-4920-81e4-e601803b15c5,zitronen blo a,Lidl,a9f276ec-7626-417f-bc35-1e1f13edddb8,bls,,F601100,Zitrone roh,,"{""fat_g"":0.4,""micros"":{""iron_mg"":0.15,""zinc_mg"":0.1,""folate_ug"":6.3,""iodine_ug"":1.6,""sodium_mg"":4,""calcium_mg"":32,""magnesium_mg"":9,""potassium_mg"":204,""vitamin_c_mg"":50.675,""vitamin_d_ug"":0,""vitamin_b12_ug"":0},""carbs_g"":3.16,""fiber_g"":1.29,""sugar_g"":3.16,""protein_g"":0.7,""calories_kcal"":40,""processed_score"":null,""saturated_fat_g"":0.131}",2026-07-20 14:20:25.395099+00
4af6abdc-d455-45b1-ada0-d52a9269b22a,datteln deglet nour,Netto Marken-Discount,a9f276ec-7626-417f-bc35-1e1f13edddb8,bls,,F504400,Dattel getrocknet,,"{""fat_g"":0.36,""micros"":{""iron_mg"":0.625,""zinc_mg"":0.26,""folate_ug"":7.4,""iodine_ug"":1,""sodium_mg"":4.7,""calcium_mg"":50.6,""magnesium_mg"":51.2,""potassium_mg"":704,""vitamin_c_mg"":3,""vitamin_d_ug"":0,""vitamin_b12_ug"":0},""carbs_g"":79.3,""fiber_g"":11.16,""sugar_g"":78.92,""protein_g"":2.64,""calories_kcal"":356,""processed_score"":null,""saturated_fat_g"":0}",2026-07-14 17:59:41+00
4e5d7b6a-0692-403f-9fc7-a96a13faac2e,bio broccoli,LIDL,a9f276ec-7626-417f-bc35-1e1f13edddb8,bls,,G312100,Broccoli roh,,"{""fat_g"":0.5967,""micros"":{""iron_mg"":0.978,""zinc_mg"":0.66,""folate_ug"":89,""iodine_ug"":2,""sodium_mg"":26,""calcium_mg"":43,""magnesium_mg"":27,""potassium_mg"":396,""vitamin_c_mg"":80.95,""vitamin_d_ug"":0,""vitamin_b12_ug"":0},""carbs_g"":2.3,""fiber_g"":3,""sugar_g"":1.38,""protein_g"":3.622,""calories_kcal"":35,""processed_score"":null,""saturated_fat_g"":0.1189}",2025-12-30 17:28:52+00
4e8a8f12-b893-4cef-be48-f756c4af022d,zwiebeln weiß,LIDL,a9f276ec-7626-417f-bc35-1e1f13edddb8,bls,,G480100,Speisezwiebel roh,,"{""fat_g"":0.15,""micros"":{""iron_mg"":0.685,""zinc_mg"":0.21,""folate_ug"":15,""iodine_ug"":2,""sodium_mg"":9,""calcium_mg"":25,""magnesium_mg"":10,""potassium_mg"":174,""vitamin_c_mg"":7.4,""vitamin_d_ug"":0,""vitamin_b12_ug"":0},""carbs_g"":6.01,""fiber_g"":1.4,""sugar_g"":6.01,""protein_g"":1.156,""calories_kcal"":34,""processed_score"":null,""saturated_fat_g"":0.025}",2026-06-30 19:45:15+00
4ef6604d-338f-4f29-bf4b-dabfd4ee3cbd,kohlrabi,ALDI,a9f276ec-7626-417f-bc35-1e1f13edddb8,bls,,G331100,Kohlrabi roh,,"{""fat_g"":0.16,""micros"":{""iron_mg"":0.2,""zinc_mg"":0.17,""folate_ug"":70.2,""iodine_ug"":0.728,""sodium_mg"":20,""calcium_mg"":59,""magnesium_mg"":43,""potassium_mg"":322,""vitamin_c_mg"":63.3,""vitamin_d_ug"":0,""vitamin_b12_ug"":0},""carbs_g"":3.88,""fiber_g"":1.5,""sugar_g"":3.704,""protein_g"":1.94,""calories_kcal"":28,""processed_score"":null,""saturated_fat_g"":0.028}",2026-07-19 18:10:10+00
50b46386-f4fb-4b7b-b494-cb48ce67ac1a,kichererbsen,LIDL,a9f276ec-7626-417f-bc35-1e1f13edddb8,bls,,G770400,Kichererbse reif,,"{""fat_g"":5.915,""micros"":{""iron_mg"":4.9,""zinc_mg"":2.373,""folate_ug"":212,""iodine_ug"":6.7,""sodium_mg"":23,""calcium_mg"":124,""magnesium_mg"":79,""potassium_mg"":800,""vitamin_c_mg"":5.08,""vitamin_d_ug"":0,""vitamin_b12_ug"":0},""carbs_g"":39.6,""fiber_g"":15.51,""sugar_g"":2.411,""protein_g"":18.583,""calories_kcal"":317,""processed_score"":null,""saturated_fat_g"":0.918}",2025-12-10 20:21:39+00
54deb4a3-02c5-4a0b-a3d7-b182e935407e,ostmann.oregano gerebelt.25g,Netto Marken-Discount,a9f276ec-7626-417f-bc35-1e1f13edddb8,off,4002674073959,,Oregano gerebelt,1.0,"{""fat_g"":4.28,""micros"":{},""carbs_g"":26.4,""fiber_g"":42.5,""sugar_g"":4.09,""protein_g"":9,""calories_kcal"":265,""processed_score"":1,""saturated_fat_g"":1.55}",2026-07-09 19:13:07+00
554fe874-1778-45dc-9148-055c7df18d70,lauchzwiebeln,Netto Marken-Discount,a9f276ec-7626-417f-bc35-1e1f13edddb8,bls,,G482100,"Frühlingszwiebel/Lauchzwiebel, roh",,"{""fat_g"":0.19,""micros"":{""iron_mg"":1.69,""zinc_mg"":0.18,""folate_ug"":89,""iodine_ug"":1,""sodium_mg"":12,""calcium_mg"":56,""magnesium_mg"":16,""potassium_mg"":268,""vitamin_c_mg"":22,""vitamin_d_ug"":0,""vitamin_b12_ug"":0},""carbs_g"":3,""fiber_g"":2.6,""sugar_g"":2.8,""protein_g"":1.9,""calories_kcal"":27,""processed_score"":null,""saturated_fat_g"":0.032}",2026-07-13 18:06:54+00
571e6e40-f530-41a8-b805-4080d597674b,reisnudeln,ALDI,a9f276ec-7626-417f-bc35-1e1f13edddb8,bls,,C559000,Reisnudeln roh,,"{""fat_g"":0.56,""micros"":{""iron_mg"":0.7,""zinc_mg"":0.74,""folate_ug"":3,""iodine_ug"":1,""sodium_mg"":97,""calcium_mg"":18,""magnesium_mg"":12,""potassium_mg"":30,""vitamin_c_mg"":0,""vitamin_d_ug"":0,""vitamin_b12_ug"":0},""carbs_g"":81.9,""fiber_g"":1.6,""sugar_g"":0.28,""protein_g"":7.198,""calories_kcal"":365,""processed_score"":null,""saturated_fat_g"":0.12}",2026-07-19 18:10:10+00
5a4dfe66-4299-438e-a10a-24c9502439f6,kartoffeln soß b,Lidl,a9f276ec-7626-417f-bc35-1e1f13edddb8,bls,,K420100,"Batate/Süßkartoffel, roh",,"{""fat_g"":0.6,""micros"":{""iron_mg"":0.664,""zinc_mg"":0.23,""folate_ug"":50,""iodine_ug"":2.4,""sodium_mg"":4,""calcium_mg"":22.429,""magnesium_mg"":18.3,""potassium_mg"":360,""vitamin_c_mg"":30,""vitamin_d_ug"":0,""vitamin_b12_ug"":0},""carbs_g"":25.2,""fiber_g"":3.14,""sugar_g"":5.5,""protein_g"":1.63,""calories_kcal"":119,""processed_score"":null,""saturated_fat_g"":0}",2026-07-20 14:18:27.931507+00
5af9c2c9-9421-4109-aece-af71f0a416ed,g&g rei.butt.milch,E center Cramer (EDEKA),a9f276ec-7626-417f-bc35-1e1f13edddb8,bls,,M150000,Buttermilch,,"{""fat_g"":0.56,""micros"":{""iron_mg"":0.07,""zinc_mg"":0.28,""folate_ug"":7.8,""iodine_ug"":13,""sodium_mg"":37.6,""calcium_mg"":103,""magnesium_mg"":10.6,""potassium_mg"":158,""vitamin_c_mg"":0.4,""vitamin_d_ug"":0,""vitamin_b12_ug"":0},""carbs_g"":4.73,""fiber_g"":0,""sugar_g"":4.73,""protein_g"":3.23,""calories_kcal"":39,""processed_score"":null,""saturated_fat_g"":0.39}",2026-07-19 16:56:44+00
5c28e4d5-21a5-4884-bc88-e5c10a1b649f,salatgurke,REWE,a9f276ec-7626-417f-bc35-1e1f13edddb8,bls,,G520100,Gurke roh,,"{""fat_g"":0.2,""micros"":{""iron_mg"":0.228,""zinc_mg"":0.12,""folate_ug"":13,""iodine_ug"":2,""sodium_mg"":3,""calcium_mg"":19,""magnesium_mg"":12,""potassium_mg"":181,""vitamin_c_mg"":8,""vitamin_d_ug"":0,""vitamin_b12_ug"":0},""carbs_g"":1.97,""fiber_g"":0.9,""sugar_g"":1.97,""protein_g"":1.062,""calories_kcal"":16,""processed_score"":null,""saturated_fat_g"":0.067}",2026-07-15 18:14:26+00
5c92ccc8-f4a4-4817-896b-6f50528419d7,spinat,LIDL,a9f276ec-7626-417f-bc35-1e1f13edddb8,bls,,G211100,Spinat roh,,"{""fat_g"":0.3,""micros"":{""iron_mg"":2.1,""zinc_mg"":0.72,""folate_ug"":152,""iodine_ug"":4,""sodium_mg"":50,""calcium_mg"":81,""magnesium_mg"":68,""potassium_mg"":573,""vitamin_c_mg"":56.988,""vitamin_d_ug"":0,""vitamin_b12_ug"":0},""carbs_g"":0.93,""fiber_g"":1.8,""sugar_g"":0.75,""protein_g"":2.067,""calories_kcal"":18,""processed_score"":null,""saturated_fat_g"":0.03}",2025-12-30 17:28:52+00
5e5a5cd5-814a-4c38-9819-782cf31ba632,bio-eier okt 10er,LIDL,a9f276ec-7626-417f-bc35-1e1f13edddb8,bls,,E111100,Hühnerei roh,,"{""fat_g"":9,""micros"":{""iron_mg"":1.8,""zinc_mg"":1.28,""folate_ug"":76,""iodine_ug"":43.5,""sodium_mg"":154,""calcium_mg"":52,""magnesium_mg"":13,""potassium_mg"":138,""vitamin_d_ug"":1.8,""vitamin_b12_ug"":2.7},""carbs_g"":0.34,""fiber_g"":0,""sugar_g"":0.34,""protein_g"":13.175,""calories_kcal"":135,""processed_score"":null,""saturated_fat_g"":2.437}",2025-12-10 20:21:39+00
5f83a96d-fa81-4a2e-8cc5-fccb88063da2,bioland zucchini,LIDL,a9f276ec-7626-417f-bc35-1e1f13edddb8,bls,,G582100,Zucchini roh,,"{""fat_g"":0.287,""micros"":{""iron_mg"":0.4,""zinc_mg"":0.24,""folate_ug"":42,""iodine_ug"":2.56,""sodium_mg"":1.08,""calcium_mg"":20.4,""magnesium_mg"":28.61,""potassium_mg"":257.64,""vitamin_c_mg"":17.6,""vitamin_d_ug"":0,""vitamin_b12_ug"":0},""carbs_g"":3,""fiber_g"":1.1,""sugar_g"":2,""protein_g"":1.3,""calories_kcal"":22,""processed_score"":null,""saturated_fat_g"":0.068}",2026-06-30 19:45:15+00
613ab36b-edd5-4278-bf3d-7447409b0818,exquisa fitlinenatur,LIDL,a9f276ec-7626-417f-bc35-1e1f13edddb8,bls,,M820200,"Frischkäsezubereitung Natur, mind. 10 % Fett i. Tr.",,"{""fat_g"":2.8,""micros"":{""iron_mg"":0.07,""zinc_mg"":0.5,""folate_ug"":26,""iodine_ug"":14,""sodium_mg"":200,""calcium_mg"":100,""magnesium_mg"":10,""potassium_mg"":120,""vitamin_c_mg"":4.137,""vitamin_d_ug"":0,""vitamin_b12_ug"":0.7},""carbs_g"":3,""fiber_g"":0,""sugar_g"":3,""protein_g"":11.6,""calories_kcal"":86,""processed_score"":null,""saturated_fat_g"":1.9}",2026-06-30 19:45:15+00
619883f2-4794-4cbc-95e2-922936ddfd25,lachsfilet mit haut,LIDL,a9f276ec-7626-417f-bc35-1e1f13edddb8,bls,,T410100,Lachs roh,,"{""fat_g"":11.2,""micros"":{""iron_mg"":0.24,""zinc_mg"":0.32,""folate_ug"":53.6,""iodine_ug"":5,""sodium_mg"":31.9,""calcium_mg"":11,""magnesium_mg"":23.3,""potassium_mg"":396,""vitamin_d_ug"":3.8,""vitamin_b12_ug"":3.9},""carbs_g"":0,""fiber_g"":null,""sugar_g"":0,""protein_g"":19.9,""calories_kcal"":180,""processed_score"":null,""saturated_fat_g"":2.398}",2025-12-30 17:28:52+00
622c81cf-95bf-4932-b3f0-25a6b99b3e5e,rinderhackfleisch,LIDL,a9f276ec-7626-417f-bc35-1e1f13edddb8,bls,,U010100,"Rind Hackfleisch, roh",,"{""fat_g"":16.39,""micros"":{""iron_mg"":1.85,""zinc_mg"":4.167,""folate_ug"":2,""iodine_ug"":4.273,""sodium_mg"":58,""calcium_mg"":25.6,""magnesium_mg"":18.8,""potassium_mg"":305,""vitamin_c_mg"":0,""vitamin_d_ug"":0.59,""vitamin_b12_ug"":4.3},""carbs_g"":0,""fiber_g"":0,""sugar_g"":0,""protein_g"":19.102,""calories_kcal"":224,""processed_score"":null,""saturated_fat_g"":7.395}",2026-06-30 19:45:15+00
629ccc19-81b5-441a-8110-2a32c4ec3bb6,bananen fairtra a,"Lidl
",a9f276ec-7626-417f-bc35-1e1f13edddb8,bls,,F503100,Banane roh,,"{""fat_g"":0.4,""micros"":{""iron_mg"":0.4,""zinc_mg"":0.18,""folate_ug"":14,""iodine_ug"":3,""sodium_mg"":0.52,""calcium_mg"":6,""magnesium_mg"":28,""potassium_mg"":334,""vitamin_c_mg"":11,""vitamin_d_ug"":0,""vitamin_b12_ug"":0},""carbs_g"":15.89,""fiber_g"":2,""sugar_g"":13.89,""protein_g"":1.319,""calories_kcal"":79,""processed_score"":null,""saturated_fat_g"":0.0729}",2026-07-20 14:19:08.218424+00
6344b038-24b5-49a1-b997-b65f91528a94,kohl spitz,LIDL,a9f276ec-7626-417f-bc35-1e1f13edddb8,bls,,G344100,Spitzkohl roh,,"{""fat_g"":0.18,""micros"":{""iron_mg"":0.56,""zinc_mg"":0.18,""folate_ug"":57,""iodine_ug"":2,""sodium_mg"":18,""calcium_mg"":47,""magnesium_mg"":15,""potassium_mg"":246,""vitamin_c_mg"":46,""vitamin_d_ug"":0,""vitamin_b12_ug"":0},""carbs_g"":4.54,""fiber_g"":3,""sugar_g"":4.4,""protein_g"":1.21,""calories_kcal"":31,""processed_score"":null,""saturated_fat_g"":0.022}",2025-12-30 17:28:52+00
66818661-8902-4255-9179-b20e809d0687,staudensellerie,LIDL,a9f276ec-7626-417f-bc35-1e1f13edddb8,bls,,G220100,Bleichsellerie roh,,"{""fat_g"":0.1,""micros"":{""iron_mg"":0.12,""zinc_mg"":0.1,""folate_ug"":11,""iodine_ug"":1,""sodium_mg"":78,""calcium_mg"":40,""magnesium_mg"":8,""potassium_mg"":281,""vitamin_c_mg"":7,""vitamin_d_ug"":0,""vitamin_b12_ug"":0},""carbs_g"":1.5,""fiber_g"":2.553,""sugar_g"":1.4,""protein_g"":1.2,""calories_kcal"":17,""processed_score"":null,""saturated_fat_g"":0}",2025-12-30 17:28:52+00
66df98d6-492a-4c45-8124-48f77d62d1e1,linsen mit sg,REWE,a9f276ec-7626-417f-bc35-1e1f13edddb8,bls,,X461813,Linsen-Eintopf mit Suppengemüse,,"{""fat_g"":2.3,""micros"":{""iron_mg"":2.3,""zinc_mg"":1.12,""folate_ug"":27,""iodine_ug"":2,""sodium_mg"":245,""calcium_mg"":30,""magnesium_mg"":38,""potassium_mg"":325,""vitamin_c_mg"":6,""vitamin_d_ug"":0,""vitamin_b12_ug"":0},""carbs_g"":15.8,""fiber_g"":6.1,""sugar_g"":1.8,""protein_g"":7.49,""calories_kcal"":127,""processed_score"":null,""saturated_fat_g"":0.3}",2026-06-17 17:07:13+00
6720d74a-3b6a-4fe6-bf90-744aada7e6e0,e.regio.rucola,E center Cramer (EDEKA),a9f276ec-7626-417f-bc35-1e1f13edddb8,bls,,G130100,Rucola roh,,"{""fat_g"":0.4,""micros"":{""iron_mg"":1.6,""zinc_mg"":0.36,""folate_ug"":130,""sodium_mg"":30,""calcium_mg"":216,""magnesium_mg"":28,""potassium_mg"":326,""vitamin_c_mg"":60,""vitamin_d_ug"":0,""vitamin_b12_ug"":0},""carbs_g"":0,""fiber_g"":1.7,""sugar_g"":0,""protein_g"":3.6,""calories_kcal"":21,""processed_score"":null,""saturated_fat_g"":0.066}",2026-07-09 17:55:25+00
67514aee-a893-4202-a8d0-26f32c33e94b,frischkäse,LIDL,a9f276ec-7626-417f-bc35-1e1f13edddb8,bls,,M820200,"Frischkäsezubereitung Natur, mind. 10 % Fett i. Tr.",,"{""fat_g"":2.8,""micros"":{""iron_mg"":0.07,""zinc_mg"":0.5,""folate_ug"":26,""iodine_ug"":14,""sodium_mg"":200,""calcium_mg"":100,""magnesium_mg"":10,""potassium_mg"":120,""vitamin_c_mg"":4.137,""vitamin_d_ug"":0,""vitamin_b12_ug"":0.7},""carbs_g"":3,""fiber_g"":0,""sugar_g"":3,""protein_g"":11.6,""calories_kcal"":86,""processed_score"":null,""saturated_fat_g"":1.9}",2025-12-10 20:21:39+00
67e46a3a-5d60-4879-9edb-6cc7bb863c71,zitronen bio,LIDL,a9f276ec-7626-417f-bc35-1e1f13edddb8,bls,,F601100,Zitrone roh,,"{""fat_g"":0.4,""micros"":{""iron_mg"":0.15,""zinc_mg"":0.1,""folate_ug"":6.3,""iodine_ug"":1.6,""sodium_mg"":4,""calcium_mg"":32,""magnesium_mg"":9,""potassium_mg"":204,""vitamin_c_mg"":50.675,""vitamin_d_ug"":0,""vitamin_b12_ug"":0},""carbs_g"":3.16,""fiber_g"":1.29,""sugar_g"":3.16,""protein_g"":0.7,""calories_kcal"":40,""processed_score"":null,""saturated_fat_g"":0.131}",2025-12-10 20:21:39+00
6a5dab4e-d8c8-4aeb-98bc-85429a3d2e35,g&g h-schmand,E center Cramer (EDEKA),a9f276ec-7626-417f-bc35-1e1f13edddb8,bls,,M172700,"Sauerrahm/Schmand, mind. 20 % Fett",,"{""fat_g"":20,""micros"":{""iron_mg"":0.13,""zinc_mg"":0.4,""folate_ug"":11,""iodine_ug"":11,""sodium_mg"":40,""calcium_mg"":100,""magnesium_mg"":11,""potassium_mg"":130,""vitamin_c_mg"":1,""vitamin_d_ug"":0.4,""vitamin_b12_ug"":0.5},""carbs_g"":3,""fiber_g"":0,""sugar_g"":3,""protein_g"":2.8,""calories_kcal"":206,""processed_score"":null,""saturated_fat_g"":10.4}",2026-07-19 16:56:44+00
6a70a041-9308-4c03-87df-b01c3e00685f,span grüne/geschw.oli,ALDI,a9f276ec-7626-417f-bc35-1e1f13edddb8,bls,,H510802,"Oliven grün, gesäuert, abgetropft",,"{""fat_g"":13.55,""micros"":{""iron_mg"":0.684,""zinc_mg"":0.65,""folate_ug"":0,""sodium_mg"":1693,""calcium_mg"":46,""magnesium_mg"":7.19,""potassium_mg"":80,""vitamin_d_ug"":0},""carbs_g"":0,""fiber_g"":2.36,""sugar_g"":0,""protein_g"":1.21,""calories_kcal"":132,""processed_score"":null,""saturated_fat_g"":2.35}",2026-07-19 18:10:10+00
6b4c717b-3e20-4115-92d9-0177eb50383d,rucola,ALDI,a9f276ec-7626-417f-bc35-1e1f13edddb8,bls,,G130100,Rucola roh,,"{""fat_g"":0.4,""micros"":{""iron_mg"":1.6,""zinc_mg"":0.36,""folate_ug"":130,""sodium_mg"":30,""calcium_mg"":216,""magnesium_mg"":28,""potassium_mg"":326,""vitamin_c_mg"":60,""vitamin_d_ug"":0,""vitamin_b12_ug"":0},""carbs_g"":0,""fiber_g"":1.7,""sugar_g"":0,""protein_g"":3.6,""calories_kcal"":21,""processed_score"":null,""saturated_fat_g"":0.066}",2026-07-19 18:10:10+00
6becbe36-597e-4c38-812d-39462e41d54a,bulgur rote beete,Kaufland,a9f276ec-7626-417f-bc35-1e1f13edddb8,bls,,X987612,Bulgur gekocht (mit Fett und Salz),,"{""fat_g"":3.6,""micros"":{""iron_mg"":0.4,""zinc_mg"":0.57,""folate_ug"":8,""iodine_ug"":0,""sodium_mg"":124,""calcium_mg"":13,""magnesium_mg"":49,""potassium_mg"":138,""vitamin_c_mg"":0,""vitamin_d_ug"":0,""vitamin_b12_ug"":0},""carbs_g"":28.2,""fiber_g"":2.8,""sugar_g"":0.8,""protein_g"":5.1,""calories_kcal"":171,""processed_score"":null,""saturated_fat_g"":0.31}",2026-06-15 19:49:31+00
6fa0a819-96b7-4bd1-a033-71f10dbbcbe5,bioland tofu gerä,LIDL,a9f276ec-7626-417f-bc35-1e1f13edddb8,bls,,H861000,Tofu,,"{""fat_g"":5.63,""micros"":{""iron_mg"":2.84,""zinc_mg"":1.46,""folate_ug"":21.8,""iodine_ug"":6,""sodium_mg"":13,""calcium_mg"":185,""magnesium_mg"":77.7,""potassium_mg"":135,""vitamin_d_ug"":0},""carbs_g"":0,""fiber_g"":1.3,""sugar_g"":0,""protein_g"":15.51,""calories_kcal"":115,""processed_score"":null,""saturated_fat_g"":0.924}",2025-12-10 20:21:39+00
6fe8c3e5-92c2-4099-8ceb-44d906aad3f8,milka nussini riegel,Netto Marken-Discount,a9f276ec-7626-417f-bc35-1e1f13edddb8,bls,,S581200,Milchschokoladen-Riegel gefüllt mit Karamellcreme und gerösteten Haselnüssen,,"{""fat_g"":24.4,""micros"":{""iron_mg"":2.046,""zinc_mg"":0.636,""folate_ug"":13,""iodine_ug"":8,""sodium_mg"":28,""calcium_mg"":74,""magnesium_mg"":43,""potassium_mg"":247,""vitamin_c_mg"":0.3,""vitamin_d_ug"":0.63,""vitamin_b12_ug"":0.2},""carbs_g"":61.8,""fiber_g"":1.9,""sugar_g"":49.9,""protein_g"":4.1,""calories_kcal"":510,""processed_score"":null,""saturated_fat_g"":10.09}",2026-07-09 18:02:38+00
70e58839-2828-4579-b7d9-79cb7507a42e,bioland tofu geräu a,Lidl,a9f276ec-7626-417f-bc35-1e1f13edddb8,bls,,H861000,Tofu,,"{""fat_g"":5.63,""micros"":{""iron_mg"":2.84,""zinc_mg"":1.46,""folate_ug"":21.8,""iodine_ug"":6,""sodium_mg"":13,""calcium_mg"":185,""magnesium_mg"":77.7,""potassium_mg"":135,""vitamin_d_ug"":0},""carbs_g"":0,""fiber_g"":1.3,""sugar_g"":0,""protein_g"":15.51,""calories_kcal"":115,""processed_score"":null,""saturated_fat_g"":0.924}",2026-07-20 14:23:17.293772+00
713ce150-148d-4937-b40a-1a6e4d66f330,salatherzen roma,PENNY,a9f276ec-7626-417f-bc35-1e1f13edddb8,bls,,G107100,"Römischer Salat/Romanasalat, roh",,"{""fat_g"":0.13,""micros"":{""iron_mg"":0.5,""zinc_mg"":0.21,""folate_ug"":56.6,""iodine_ug"":0.461,""sodium_mg"":9,""calcium_mg"":25,""magnesium_mg"":10.7,""potassium_mg"":259,""vitamin_c_mg"":10.68,""vitamin_d_ug"":0,""vitamin_b12_ug"":0},""carbs_g"":1.3,""fiber_g"":1.6,""sugar_g"":1.3,""protein_g"":1.2,""calories_kcal"":14,""processed_score"":null,""saturated_fat_g"":0.04}",2026-07-19 19:17:23+00
715db318-bb8f-415a-817d-cf8e3531de86,ostfr teemischung los,ALDI,a9f276ec-7626-417f-bc35-1e1f13edddb8,bls,,N630000,Schwarztee (Getränk),,"{""fat_g"":0,""micros"":{""iron_mg"":0.0026,""zinc_mg"":0.0176,""folate_ug"":0,""iodine_ug"":0.32,""sodium_mg"":2,""calcium_mg"":5,""magnesium_mg"":1.5,""potassium_mg"":11.75,""vitamin_d_ug"":0},""carbs_g"":0,""fiber_g"":0,""sugar_g"":0,""protein_g"":null,""calories_kcal"":0,""processed_score"":null,""saturated_fat_g"":0}",2026-07-19 17:03:57+00
72111118-8b62-4275-ab80-e224c31157f8,paprika mix,ALDI,a9f276ec-7626-417f-bc35-1e1f13edddb8,bls,,G543100,"Gemüsepaprika rot, roh",,"{""fat_g"":0.2,""micros"":{""iron_mg"":0.377,""zinc_mg"":0.187,""folate_ug"":54,""iodine_ug"":3,""sodium_mg"":1.25,""calcium_mg"":8,""magnesium_mg"":14.12,""potassium_mg"":211,""vitamin_c_mg"":159.81,""vitamin_d_ug"":0,""vitamin_b12_ug"":0},""carbs_g"":6.19,""fiber_g"":2.2,""sugar_g"":6.19,""protein_g"":1.025,""calories_kcal"":36,""processed_score"":null,""saturated_fat_g"":0.0323}",2026-07-19 18:10:10+00
72a0d6ac-cc89-460d-9b5f-4f584bc5b742,kidney bohnen a,Lidl,a9f276ec-7626-417f-bc35-1e1f13edddb8,bls,,H742100,Kidneybohne reif,,"{""fat_g"":0.83,""micros"":{""iron_mg"":6.15,""zinc_mg"":3.05,""folate_ug"":172,""iodine_ug"":1.772,""sodium_mg"":24,""calcium_mg"":106.5,""magnesium_mg"":170,""potassium_mg"":1640,""vitamin_c_mg"":4.5,""vitamin_d_ug"":0,""vitamin_b12_ug"":0},""carbs_g"":40.3,""fiber_g"":24.9,""sugar_g"":2.4,""protein_g"":22.8,""calories_kcal"":316,""processed_score"":null,""saturated_fat_g"":0.12}",2026-07-20 14:26:51.60985+00
73a43cdb-5d81-4e8f-8807-66f25e191788,broccoli a,Lidl,a9f276ec-7626-417f-bc35-1e1f13edddb8,bls,,G312100,Broccoli roh,,"{""fat_g"":0.5967,""micros"":{""iron_mg"":0.978,""zinc_mg"":0.66,""folate_ug"":89,""iodine_ug"":2,""sodium_mg"":26,""calcium_mg"":43,""magnesium_mg"":27,""potassium_mg"":396,""vitamin_c_mg"":80.95,""vitamin_d_ug"":0,""vitamin_b12_ug"":0},""carbs_g"":2.3,""fiber_g"":3,""sugar_g"":1.38,""protein_g"":3.622,""calories_kcal"":35,""processed_score"":null,""saturated_fat_g"":0.1189}",2026-07-20 14:21:09.291652+00
74504a5e-fdd7-46b4-a63a-7e9f316bdf20,g&g tomaten,E center Cramer (EDEKA),a9f276ec-7626-417f-bc35-1e1f13edddb8,bls,,G560900,Tomate Konserve,,"{""fat_g"":0.2,""micros"":{""iron_mg"":0.542,""zinc_mg"":0.23,""folate_ug"":15,""iodine_ug"":1,""sodium_mg"":86,""calcium_mg"":27,""magnesium_mg"":12.846,""potassium_mg"":186,""vitamin_c_mg"":16.5,""vitamin_d_ug"":0,""vitamin_b12_ug"":0},""carbs_g"":2.536,""fiber_g"":0.93,""sugar_g"":2.498,""protein_g"":1.15,""calories_kcal"":19,""processed_score"":null,""saturated_fat_g"":0.021}",2026-07-19 16:56:44+00
74b6cdef-ae7a-4ba2-813d-6a6b51b7d509,avocado vorgereift,Netto Marken-Discount,a9f276ec-7626-417f-bc35-1e1f13edddb8,bls,,F502100,Avocado roh,,"{""fat_g"":12.5,""micros"":{""iron_mg"":0.44,""zinc_mg"":0.644,""folate_ug"":20.2,""iodine_ug"":3,""sodium_mg"":5,""calcium_mg"":14,""magnesium_mg"":24.6,""potassium_mg"":550,""vitamin_c_mg"":13,""vitamin_d_ug"":0},""carbs_g"":1.37,""fiber_g"":4.1,""sugar_g"":1.37,""protein_g"":1.37,""calories_kcal"":132,""processed_score"":null,""saturated_fat_g"":2.589}",2026-07-19 18:42:18+00
74cc3dae-62dd-4fb4-9aec-47f651112627,radieschen,E center Cramer (EDEKA),a9f276ec-7626-417f-bc35-1e1f13edddb8,bls,,G691100,Radieschen roh,,"{""fat_g"":0.14,""micros"":{""iron_mg"":0.441,""zinc_mg"":0.12,""folate_ug"":24,""iodine_ug"":1.241,""sodium_mg"":22,""calcium_mg"":25,""magnesium_mg"":9.4,""potassium_mg"":239,""vitamin_c_mg"":29,""vitamin_d_ug"":0,""vitamin_b12_ug"":0},""carbs_g"":2.31,""fiber_g"":1.5,""sugar_g"":2.133,""protein_g"":1.05,""calories_kcal"":18,""processed_score"":null,""saturated_fat_g"":0.033}",2026-07-09 17:55:25+00
7521452f-e39d-4967-8a56-079478f5877a,porree,PENNY,a9f276ec-7626-417f-bc35-1e1f13edddb8,bls,,G470100,"Porree/Lauch, roh",,"{""fat_g"":0.25,""micros"":{""iron_mg"":0.4,""zinc_mg"":0.2,""folate_ug"":64,""iodine_ug"":1,""calcium_mg"":42,""magnesium_mg"":7,""potassium_mg"":275,""vitamin_c_mg"":24,""vitamin_d_ug"":0,""vitamin_b12_ug"":0},""carbs_g"":5,""fiber_g"":2.2,""sugar_g"":3.8,""protein_g"":2.14,""calories_kcal"":36,""processed_score"":null,""saturated_fat_g"":0.044}",2026-07-19 19:17:23+00
7559097d-8701-4374-bfe0-fa65896f26d6,tk dr oetker ofenfr,ALDI,a9f276ec-7626-417f-bc35-1e1f13edddb8,bls,,X9A5020,"Pizza Spezial (mit Tomatensauce, Mozzarella, Schinken, Salami)",,"{""fat_g"":14.48,""micros"":{""iron_mg"":0.737,""zinc_mg"":1.6,""folate_ug"":9,""iodine_ug"":12,""sodium_mg"":484,""calcium_mg"":90,""magnesium_mg"":15,""potassium_mg"":192,""vitamin_c_mg"":10.403,""vitamin_d_ug"":0.04,""vitamin_b12_ug"":0.3},""carbs_g"":15,""fiber_g"":1.5,""sugar_g"":1.3,""protein_g"":12.98,""calories_kcal"":247,""processed_score"":null,""saturated_fat_g"":4.77}",2026-07-19 16:24:36+00
762daa60-aa53-4626-ab94-394ce3ef4367,bio paprika mix,Netto Marken-Discount,a9f276ec-7626-417f-bc35-1e1f13edddb8,bls,,G543100,"Gemüsepaprika rot, roh",,"{""fat_g"":0.2,""micros"":{""iron_mg"":0.377,""zinc_mg"":0.187,""folate_ug"":54,""iodine_ug"":3,""sodium_mg"":1.25,""calcium_mg"":8,""magnesium_mg"":14.12,""potassium_mg"":211,""vitamin_c_mg"":159.81,""vitamin_d_ug"":0,""vitamin_b12_ug"":0},""carbs_g"":6.19,""fiber_g"":2.2,""sugar_g"":6.19,""protein_g"":1.025,""calories_kcal"":36,""processed_score"":null,""saturated_fat_g"":0.0323}",2026-07-19 18:42:18+00
77bc91c6-036f-4da9-a1ef-cf0c045f3274,schott.räucherlachs,LIDL,a9f276ec-7626-417f-bc35-1e1f13edddb8,bls,,T410600,Lachs geräuchert (Räucherlachs),,"{""fat_g"":9.2,""micros"":{""iron_mg"":0.147,""zinc_mg"":0.33,""folate_ug"":3.3,""iodine_ug"":9,""sodium_mg"":1170,""calcium_mg"":6.6,""magnesium_mg"":28.4,""potassium_mg"":419,""vitamin_d_ug"":0.94,""vitamin_b12_ug"":2.34},""carbs_g"":0.16,""fiber_g"":0,""sugar_g"":0.16,""protein_g"":21.25,""calories_kcal"":170,""processed_score"":null,""saturated_fat_g"":1.73}",2025-12-30 17:28:52+00
77f27759-cfc8-40e1-ad1c-297ddd9a7665,harry sonntag,E center Cramer (EDEKA),a9f276ec-7626-417f-bc35-1e1f13edddb8,bls,,B511000,Weizenbrötchen,,"{""fat_g"":1.81,""micros"":{""iron_mg"":0.97,""zinc_mg"":0.8,""folate_ug"":44.4,""iodine_ug"":10,""sodium_mg"":731,""calcium_mg"":48.5,""magnesium_mg"":22.2,""potassium_mg"":163,""vitamin_d_ug"":0},""carbs_g"":53.97,""fiber_g"":3.6,""sugar_g"":3.07,""protein_g"":10.09,""calories_kcal"":280,""processed_score"":null,""saturated_fat_g"":0.3866}",2026-07-19 18:38:02+00
7853b9c2-60a6-42e5-a26c-e60276600fe7,hähn.minutenschnitz,LIDL,a9f276ec-7626-417f-bc35-1e1f13edddb8,bls,,V416100,"Hähnchen Brustfilet, roh",,"{""fat_g"":1.81,""micros"":{""iron_mg"":0.6195,""zinc_mg"":0.623,""folate_ug"":8.2,""sodium_mg"":51.2,""calcium_mg"":4.5,""magnesium_mg"":31.5,""potassium_mg"":429.3,""vitamin_c_mg"":2.5,""vitamin_d_ug"":0.15,""vitamin_b12_ug"":0.1},""carbs_g"":0,""fiber_g"":0,""sugar_g"":0,""protein_g"":23.25,""calories_kcal"":109,""processed_score"":null,""saturated_fat_g"":0.41}",2025-12-10 20:21:39+00
791f11cc-2280-4203-8eea-b45a3e948f3f,griech joghurt,LIDL,a9f276ec-7626-417f-bc35-1e1f13edddb8,bls,,M141200,"Joghurt fettarm, mind. 1,5 % bis max. 1,8 % Fett",,"{""fat_g"":1.6,""micros"":{""iron_mg"":0.044,""zinc_mg"":0.36,""folate_ug"":6,""iodine_ug"":3.6,""sodium_mg"":57,""calcium_mg"":114,""magnesium_mg"":11,""potassium_mg"":149,""vitamin_c_mg"":1.6,""vitamin_d_ug"":0.028,""vitamin_b12_ug"":0.4},""carbs_g"":6.046,""fiber_g"":0,""sugar_g"":5.773,""protein_g"":5.035,""calories_kcal"":62,""processed_score"":null,""saturated_fat_g"":0.92}",2025-12-10 20:21:39+00
7a51ab38-a14c-45b7-87fc-78dd1a8c06ea,nektarinen,Kaufland,a9f276ec-7626-417f-bc35-1e1f13edddb8,bls,,F202100,Nektarine roh,,"{""fat_g"":0.2,""micros"":{""iron_mg"":0.2,""zinc_mg"":0.13,""folate_ug"":15,""iodine_ug"":0.5,""sodium_mg"":0.5,""calcium_mg"":8,""magnesium_mg"":8,""potassium_mg"":245,""vitamin_c_mg"":6,""vitamin_d_ug"":0,""vitamin_b12_ug"":0},""carbs_g"":9.2,""fiber_g"":1.7,""sugar_g"":8.2,""protein_g"":1.06,""calories_kcal"":48,""processed_score"":null,""saturated_fat_g"":0}",2026-07-09 19:09:51+00
7b36f65b-32d9-49bc-b8e7-bcfaac131b21,gl h-milch,Netto Marken-Discount,a9f276ec-7626-417f-bc35-1e1f13edddb8,bls,,M113200,"H-Milch fettarm, 1,5 % Fett, ultrahocherhitzt",,"{""fat_g"":1.45,""micros"":{""iron_mg"":0.017,""zinc_mg"":0.32,""folate_ug"":3.2,""iodine_ug"":8.3,""sodium_mg"":37.1,""calcium_mg"":116.3,""magnesium_mg"":11.1,""potassium_mg"":161,""vitamin_c_mg"":1,""vitamin_d_ug"":0,""vitamin_b12_ug"":0.764},""carbs_g"":4.21,""fiber_g"":0,""sugar_g"":4.21,""protein_g"":3.16,""calories_kcal"":44,""processed_score"":null,""saturated_fat_g"":1.006}",2026-07-11 18:34:46+00
7b66a59a-325d-46aa-a0a0-bd087d54ae94,walnusskerne,LIDL,a9f276ec-7626-417f-bc35-1e1f13edddb8,bls,,H120100,Walnuss,,"{""fat_g"":70.6,""micros"":{""iron_mg"":2.78,""zinc_mg"":2.64,""folate_ug"":72.8,""iodine_ug"":3,""calcium_mg"":87.3,""magnesium_mg"":140,""potassium_mg"":444,""vitamin_d_ug"":0},""carbs_g"":3,""fiber_g"":4.6,""sugar_g"":2.68,""protein_g"":16.07,""calories_kcal"":721,""processed_score"":null,""saturated_fat_g"":6.516}",2026-06-30 19:45:15+00
7be9548b-82b3-4051-b2c8-61a19159d92c,tomaten rispen,Kaufland,a9f276ec-7626-417f-bc35-1e1f13edddb8,bls,,G561100,Tomate roh,,"{""fat_g"":0.11,""micros"":{""iron_mg"":0.2,""zinc_mg"":0.14,""folate_ug"":26,""iodine_ug"":2,""sodium_mg"":4,""calcium_mg"":10,""magnesium_mg"":12,""potassium_mg"":239,""vitamin_c_mg"":24.76,""vitamin_d_ug"":0,""vitamin_b12_ug"":0},""carbs_g"":3.25,""fiber_g"":1.3,""sugar_g"":3.25,""protein_g"":0.95,""calories_kcal"":22,""processed_score"":null,""saturated_fat_g"":0.0216}",2026-07-09 19:09:51+00
7cab5ea4-706d-42e5-add4-b833f0012551,bio dattelcherrytom,LIDL,a9f276ec-7626-417f-bc35-1e1f13edddb8,bls,,G561100,Tomate roh,,"{""fat_g"":0.11,""micros"":{""iron_mg"":0.2,""zinc_mg"":0.14,""folate_ug"":26,""iodine_ug"":2,""sodium_mg"":4,""calcium_mg"":10,""magnesium_mg"":12,""potassium_mg"":239,""vitamin_c_mg"":24.76,""vitamin_d_ug"":0,""vitamin_b12_ug"":0},""carbs_g"":3.25,""fiber_g"":1.3,""sugar_g"":3.25,""protein_g"":0.95,""calories_kcal"":22,""processed_score"":null,""saturated_fat_g"":0.0216}",2025-12-30 17:28:52+00
80ac8cc0-99e1-4c73-85c2-99f48e829d52,hirtenkäse,ALDI,a9f276ec-7626-417f-bc35-1e1f13edddb8,bls,,M052000,"Salzlakenkäse aus Kuhmilch, Hirtenkäse, mind. 45 % Fett i. Tr.",,"{""fat_g"":21,""micros"":{""iron_mg"":0.146,""zinc_mg"":1.085,""folate_ug"":22,""iodine_ug"":81,""sodium_mg"":999,""calcium_mg"":259,""magnesium_mg"":17.5,""potassium_mg"":59,""vitamin_c_mg"":0,""vitamin_d_ug"":0,""vitamin_b12_ug"":0.46},""carbs_g"":0,""fiber_g"":0,""sugar_g"":0,""protein_g"":16.361,""calories_kcal"":259,""processed_score"":null,""saturated_fat_g"":14}",2026-07-19 18:10:10+00
8225ca44-7986-415c-af39-3afa90def7ec,zott sahnejogh sort,Netto Marken-Discount,a9f276ec-7626-417f-bc35-1e1f13edddb8,bls,,M241500,"Sahnejoghurt mind. 10 % Fett, mit Fruchtzubereitung, gesüßt",,"{""fat_g"":8.187,""micros"":{""iron_mg"":0.078,""zinc_mg"":0.7,""folate_ug"":14,""iodine_ug"":9,""sodium_mg"":42,""calcium_mg"":101,""magnesium_mg"":11,""potassium_mg"":130,""vitamin_c_mg"":2.985,""vitamin_d_ug"":0,""vitamin_b12_ug"":0.3},""carbs_g"":14.812,""fiber_g"":0.1,""sugar_g"":14.223,""protein_g"":3.492,""calories_kcal"":150,""processed_score"":null,""saturated_fat_g"":5.361}",2026-07-09 19:41:59+00
829cd86a-6c79-4f14-8439-3b90d8bf981a,kichererbsen a,Lidl,a9f276ec-7626-417f-bc35-1e1f13edddb8,bls,,G770400,Kichererbse reif,,"{""fat_g"":5.915,""micros"":{""iron_mg"":4.9,""zinc_mg"":2.373,""folate_ug"":212,""iodine_ug"":6.7,""sodium_mg"":23,""calcium_mg"":124,""magnesium_mg"":79,""potassium_mg"":800,""vitamin_c_mg"":5.08,""vitamin_d_ug"":0,""vitamin_b12_ug"":0},""carbs_g"":39.6,""fiber_g"":15.51,""sugar_g"":2.411,""protein_g"":18.583,""calories_kcal"":317,""processed_score"":null,""saturated_fat_g"":0.918}",2026-07-20 14:28:48.478362+00
83551e3c-2f49-4aab-86e0-904aff4b6ee7,avocado vorger a,Lidl,a9f276ec-7626-417f-bc35-1e1f13edddb8,bls,,F502100,Avocado roh,,"{""fat_g"":12.5,""micros"":{""iron_mg"":0.44,""zinc_mg"":0.644,""folate_ug"":20.2,""iodine_ug"":3,""sodium_mg"":5,""calcium_mg"":14,""magnesium_mg"":24.6,""potassium_mg"":550,""vitamin_c_mg"":13,""vitamin_d_ug"":0},""carbs_g"":1.37,""fiber_g"":4.1,""sugar_g"":1.37,""protein_g"":1.37,""calories_kcal"":132,""processed_score"":null,""saturated_fat_g"":2.589}",2026-07-20 14:19:34.279767+00
85179e08-ce17-4d15-8f6b-5f37faa6798a,liekenurkornmehrkorn500g,Netto Marken-Discount,a9f276ec-7626-417f-bc35-1e1f13edddb8,bls,,B291000,Mehrkornbrot mit Ölsamen,,"{""fat_g"":3.62,""micros"":{""iron_mg"":1.461,""zinc_mg"":1.3,""folate_ug"":19,""iodine_ug"":0,""sodium_mg"":455,""calcium_mg"":35,""magnesium_mg"":49,""potassium_mg"":221,""vitamin_c_mg"":0,""vitamin_d_ug"":0,""vitamin_b12_ug"":0},""carbs_g"":42,""fiber_g"":7.67,""sugar_g"":0.779,""protein_g"":7.94,""calories_kcal"":248,""processed_score"":null,""saturated_fat_g"":0.48}",2026-07-09 19:13:07+00
86fcfedc-0f77-4652-abf7-fb874d2ff3fe,speisequark a,Lidl,a9f276ec-7626-417f-bc35-1e1f13edddb8,bls,,M713100,"Speisequark Magerstufe, Magerquark < 10 % Fett i. Tr.",,"{""fat_g"":0.18,""micros"":{""iron_mg"":0.035,""zinc_mg"":0.56,""folate_ug"":21.9,""iodine_ug"":17,""sodium_mg"":33.6,""calcium_mg"":132,""magnesium_mg"":11.6,""potassium_mg"":151,""vitamin_c_mg"":4.205,""vitamin_d_ug"":0,""vitamin_b12_ug"":0.61},""carbs_g"":3.68,""fiber_g"":0,""sugar_g"":3.68,""protein_g"":11.85,""calories_kcal"":66,""processed_score"":null,""saturated_fat_g"":0.114}",2026-07-20 14:24:06.695118+00
8c19c0ac-a0f4-4ded-bf80-8e3a75a566a4,dinkelsandwich a,Lidl,a9f276ec-7626-417f-bc35-1e1f13edddb8,bls,,B710500,Dinkelbrot,,"{""fat_g"":2.39,""micros"":{""iron_mg"":2.124,""zinc_mg"":2,""folate_ug"":21,""iodine_ug"":1,""sodium_mg"":474,""calcium_mg"":35.9,""magnesium_mg"":65.8,""potassium_mg"":158,""vitamin_c_mg"":0,""vitamin_d_ug"":0,""vitamin_b12_ug"":0},""carbs_g"":38,""fiber_g"":6.76,""sugar_g"":0.684,""protein_g"":8.4,""calories_kcal"":221,""processed_score"":null,""saturated_fat_g"":0.55}",2026-07-20 14:29:06.808328+00
8c60448d-23f6-4c48-8396-8bfbb39b6aa3,rispentomaten kg-ware,ALDI,a9f276ec-7626-417f-bc35-1e1f13edddb8,bls,,G561100,Tomate roh,,"{""fat_g"":0.11,""micros"":{""iron_mg"":0.2,""zinc_mg"":0.14,""folate_ug"":26,""iodine_ug"":2,""sodium_mg"":4,""calcium_mg"":10,""magnesium_mg"":12,""potassium_mg"":239,""vitamin_c_mg"":24.76,""vitamin_d_ug"":0,""vitamin_b12_ug"":0},""carbs_g"":3.25,""fiber_g"":1.3,""sugar_g"":3.25,""protein_g"":0.95,""calories_kcal"":22,""processed_score"":null,""saturated_fat_g"":0.0216}",2026-07-19 17:31:49+00
8c8ba89b-5452-4ce0-80da-ad43ad824c8d,cashewkerne,LIDL,a9f276ec-7626-417f-bc35-1e1f13edddb8,bls,,H170100,Cashewkern,,"{""fat_g"":47.1,""micros"":{""iron_mg"":6.41,""zinc_mg"":5.15,""folate_ug"":67.7,""iodine_ug"":5,""sodium_mg"":10,""calcium_mg"":38,""magnesium_mg"":258,""potassium_mg"":689,""vitamin_d_ug"":0},""carbs_g"":26,""fiber_g"":3,""sugar_g"":6.15,""protein_g"":21.01,""calories_kcal"":618,""processed_score"":null,""saturated_fat_g"":9.262}",2025-12-30 17:28:52+00
8dc18d06-4823-42ac-9a21-5deae8bd3351,lang.cremiss.eis,E center Cramer (EDEKA),a9f276ec-7626-417f-bc35-1e1f13edddb8,bls,,S210000,Cremeeis/Kremeis,,"{""fat_g"":9.31,""micros"":{""iron_mg"":0.6,""zinc_mg"":0.59,""folate_ug"":18,""iodine_ug"":18,""sodium_mg"":39,""calcium_mg"":93,""magnesium_mg"":10,""potassium_mg"":122,""vitamin_c_mg"":0.695,""vitamin_d_ug"":1,""vitamin_b12_ug"":1},""carbs_g"":17.53,""fiber_g"":0.003,""sugar_g"":17.23,""protein_g"":4.3,""calories_kcal"":171,""processed_score"":null,""saturated_fat_g"":4.45}",2026-07-19 18:38:02+00
8e61c06b-e055-41b2-88e3-52348f589d30,clarkys cashewkerne,Netto Marken-Discount,a9f276ec-7626-417f-bc35-1e1f13edddb8,bls,,H170100,Cashewkern,,"{""fat_g"":47.1,""micros"":{""iron_mg"":6.41,""zinc_mg"":5.15,""folate_ug"":67.7,""iodine_ug"":5,""sodium_mg"":10,""calcium_mg"":38,""magnesium_mg"":258,""potassium_mg"":689,""vitamin_d_ug"":0},""carbs_g"":26,""fiber_g"":3,""sugar_g"":6.15,""protein_g"":21.01,""calories_kcal"":618,""processed_score"":null,""saturated_fat_g"":9.262}",2026-07-14 17:59:41+00
955b9a29-c32d-4835-90ef-fe9f54050b45,suesskartoffeln,Netto Marken-Discount,a9f276ec-7626-417f-bc35-1e1f13edddb8,bls,,K420100,"Batate/Süßkartoffel, roh",,"{""fat_g"":0.6,""micros"":{""iron_mg"":0.664,""zinc_mg"":0.23,""folate_ug"":50,""iodine_ug"":2.4,""sodium_mg"":4,""calcium_mg"":22.429,""magnesium_mg"":18.3,""potassium_mg"":360,""vitamin_c_mg"":30,""vitamin_d_ug"":0,""vitamin_b12_ug"":0},""carbs_g"":25.2,""fiber_g"":3.14,""sugar_g"":5.5,""protein_g"":1.63,""calories_kcal"":119,""processed_score"":null,""saturated_fat_g"":0}",2026-07-19 18:42:18+00
9737e4eb-c982-4584-965a-779f3ac4d4df,besteernte himbeeren,Netto Marken-Discount,a9f276ec-7626-417f-bc35-1e1f13edddb8,bls,,F302100,Himbeere roh,,"{""fat_g"":0.3,""micros"":{""iron_mg"":0.6,""zinc_mg"":0.3,""folate_ug"":44,""iodine_ug"":4.4,""calcium_mg"":13,""magnesium_mg"":18,""potassium_mg"":172,""vitamin_c_mg"":24,""vitamin_d_ug"":0,""vitamin_b12_ug"":0},""carbs_g"":5.2,""fiber_g"":4.7,""sugar_g"":5.2,""protein_g"":1,""calories_kcal"":43,""processed_score"":null,""saturated_fat_g"":0.0101}",2026-07-02 17:27:33+00
9765bb5e-972d-4179-a0a2-da2b895ae312,gurken,PENNY,a9f276ec-7626-417f-bc35-1e1f13edddb8,bls,,G520100,Gurke roh,,"{""fat_g"":0.2,""micros"":{""iron_mg"":0.228,""zinc_mg"":0.12,""folate_ug"":13,""iodine_ug"":2,""sodium_mg"":3,""calcium_mg"":19,""magnesium_mg"":12,""potassium_mg"":181,""vitamin_c_mg"":8,""vitamin_d_ug"":0,""vitamin_b12_ug"":0},""carbs_g"":1.97,""fiber_g"":0.9,""sugar_g"":1.97,""protein_g"":1.062,""calories_kcal"":16,""processed_score"":null,""saturated_fat_g"":0.067}",2026-07-19 19:17:23+00
984166d0-cc0a-400f-9cc8-7b2457ff9273,harry körnersandwich,LIDL,a9f276ec-7626-417f-bc35-1e1f13edddb8,bls,,B291000,Mehrkornbrot mit Ölsamen,,"{""fat_g"":3.62,""micros"":{""iron_mg"":1.461,""zinc_mg"":1.3,""folate_ug"":19,""iodine_ug"":0,""sodium_mg"":455,""calcium_mg"":35,""magnesium_mg"":49,""potassium_mg"":221,""vitamin_c_mg"":0,""vitamin_d_ug"":0,""vitamin_b12_ug"":0},""carbs_g"":42,""fiber_g"":7.67,""sugar_g"":0.779,""protein_g"":7.94,""calories_kcal"":248,""processed_score"":null,""saturated_fat_g"":0.48}",2025-12-30 17:28:52+00
99f57126-aed1-4440-8807-65e92eb4be07,hähnchen-brustfilet,LIDL,a9f276ec-7626-417f-bc35-1e1f13edddb8,bls,,V416100,"Hähnchen Brustfilet, roh",,"{""fat_g"":1.81,""micros"":{""iron_mg"":0.6195,""zinc_mg"":0.623,""folate_ug"":8.2,""sodium_mg"":51.2,""calcium_mg"":4.5,""magnesium_mg"":31.5,""potassium_mg"":429.3,""vitamin_c_mg"":2.5,""vitamin_d_ug"":0.15,""vitamin_b12_ug"":0.1},""carbs_g"":0,""fiber_g"":0,""sugar_g"":0,""protein_g"":23.25,""calories_kcal"":109,""processed_score"":null,""saturated_fat_g"":0.41}",2025-12-30 17:28:52+00
9bb6db10-a48c-49f0-90c8-c0e734f3c63a,ab bud 6x0.31 mw,E center Cramer (EDEKA),a9f276ec-7626-417f-bc35-1e1f13edddb8,bls,,P163000,Pilsner Bier,,"{""fat_g"":null,""micros"":{""iron_mg"":0.0049,""zinc_mg"":0.0009,""folate_ug"":8.4,""iodine_ug"":0.30219,""sodium_mg"":1.5,""calcium_mg"":5.2,""magnesium_mg"":8.6,""potassium_mg"":53.6,""vitamin_d_ug"":0},""carbs_g"":2.218,""fiber_g"":0,""sugar_g"":0.108,""protein_g"":0.422,""calories_kcal"":38,""processed_score"":null,""saturated_fat_g"":0}",2026-07-19 16:56:44+00
9bb7e032-f1f2-4fff-b162-8c80be18171c,sb jb-roastbeef ca.280g qs,Netto Marken-Discount,a9f276ec-7626-417f-bc35-1e1f13edddb8,bls,,U221100,Rind Roastbeef (Rücken) roh,,"{""fat_g"":4.45,""micros"":{""iron_mg"":1.992,""zinc_mg"":4.081,""folate_ug"":10,""iodine_ug"":2.7,""sodium_mg"":55,""calcium_mg"":3.191,""magnesium_mg"":23.03,""potassium_mg"":356.12,""vitamin_c_mg"":0,""vitamin_d_ug"":0.4,""vitamin_b12_ug"":2.84},""carbs_g"":0,""fiber_g"":0,""sugar_g"":0,""protein_g"":22.45,""calories_kcal"":130,""processed_score"":null,""saturated_fat_g"":1.943}",2026-07-19 18:42:18+00
9d4a39c6-73b3-4884-82f8-88d4b0766125,apfel rot süß,LIDL,a9f276ec-7626-417f-bc35-1e1f13edddb8,bls,,F110100,Apfel roh,,"{""fat_g"":0.5,""micros"":{""iron_mg"":0.1,""zinc_mg"":0.03,""folate_ug"":5,""iodine_ug"":2,""sodium_mg"":1,""calcium_mg"":5,""magnesium_mg"":5,""potassium_mg"":111,""vitamin_c_mg"":10.16,""vitamin_d_ug"":0,""vitamin_b12_ug"":0},""carbs_g"":11.7,""fiber_g"":2.275,""sugar_g"":10.487,""protein_g"":0.424,""calories_kcal"":58,""processed_score"":null,""saturated_fat_g"":0.201}",2026-07-15 17:35:05+00
9dc7f8c6-ccab-4089-8d30-98fb2d01068b,österreichischer bergk,ALDI,a9f276ec-7626-417f-bc35-1e1f13edddb8,bls,,M302600,Bergkäse mind. 45 % Fett i. Tr.,,"{""fat_g"":30.805,""micros"":{""iron_mg"":0.3,""zinc_mg"":5.1,""folate_ug"":20,""iodine_ug"":25,""sodium_mg"":300,""calcium_mg"":1100,""magnesium_mg"":43,""potassium_mg"":100,""vitamin_c_mg"":0.875,""vitamin_d_ug"":0.6,""vitamin_b12_ug"":2.7},""carbs_g"":0,""fiber_g"":0,""sugar_g"":0,""protein_g"":28.9,""calories_kcal"":395,""processed_score"":null,""saturated_fat_g"":18.57}",2026-07-19 16:24:36+00
9f0738bb-aed7-40e7-8b7d-d9cc950ee08c,flammkuchenteig,ALDI,a9f276ec-7626-417f-bc35-1e1f13edddb8,bls,,D079000,Pizzateig (mit Hefe) roh,,"{""fat_g"":5.13,""micros"":{""iron_mg"":0.486,""zinc_mg"":0.4,""folate_ug"":17,""iodine_ug"":4,""sodium_mg"":147,""calcium_mg"":8.9,""magnesium_mg"":9.5,""potassium_mg"":104,""vitamin_c_mg"":0,""vitamin_d_ug"":0,""vitamin_b12_ug"":0},""carbs_g"":42,""fiber_g"":3.18,""sugar_g"":0.935,""protein_g"":6.47,""calories_kcal"":246,""processed_score"":null,""saturated_fat_g"":0.39}",2026-07-19 18:10:10+00
a21602de-6ffe-43af-9b95-a728d3617590,beste ernte kichererbsen,Netto Marken-Discount,a9f276ec-7626-417f-bc35-1e1f13edddb8,bls,,H720902,"Kichererbse reif, Konserve, abgetropft",,"{""fat_g"":2.7,""micros"":{""iron_mg"":1.7,""zinc_mg"":1.02,""folate_ug"":52,""iodine_ug"":1,""sodium_mg"":225,""calcium_mg"":46,""magnesium_mg"":38,""potassium_mg"":211,""vitamin_c_mg"":0.281,""vitamin_d_ug"":0,""vitamin_b12_ug"":0},""carbs_g"":15.5,""fiber_g"":9.8,""sugar_g"":1.2,""protein_g"":7.5,""calories_kcal"":136,""processed_score"":null,""saturated_fat_g"":0.363}",2026-07-13 18:06:54+00
a3143e96-3de3-4ec0-8614-820b3709edfa,champignons weiss,ALDI,a9f276ec-7626-417f-bc35-1e1f13edddb8,bls,,K701100,Champignon roh,,"{""fat_g"":0.274,""micros"":{""iron_mg"":1.3,""zinc_mg"":0.51,""folate_ug"":27,""iodine_ug"":6.79,""sodium_mg"":41.33,""calcium_mg"":6,""magnesium_mg"":13,""potassium_mg"":245,""vitamin_c_mg"":1,""vitamin_d_ug"":0.4},""carbs_g"":2.9,""fiber_g"":1.9,""sugar_g"":0.2,""protein_g"":3.66,""calories_kcal"":28,""processed_score"":null,""saturated_fat_g"":0.0482}",2026-07-19 17:31:49+00
a34029b9-e878-4ff1-8962-340e3de8c274,thueringer mett,E center Cramer (EDEKA),a9f276ec-7626-417f-bc35-1e1f13edddb8,bls,,U020100,"Schwein Hackfleisch, roh",,"{""fat_g"":22.14,""micros"":{""iron_mg"":0.5716,""zinc_mg"":1.8021,""folate_ug"":1.9,""sodium_mg"":52.7,""calcium_mg"":3.8,""magnesium_mg"":17.6,""potassium_mg"":296.1,""vitamin_d_ug"":0.47},""carbs_g"":0,""fiber_g"":0,""sugar_g"":0,""protein_g"":17.88,""calories_kcal"":271,""processed_score"":null,""saturated_fat_g"":7.391}",2026-07-09 17:55:25+00
a4806bdc-fc5a-45f4-92b2-1fc4571dce16,bratpaprika,Kaufland,a9f276ec-7626-417f-bc35-1e1f13edddb8,bls,,G541100,"Gemüsepaprika grün, roh",,"{""fat_g"":0.24,""micros"":{""iron_mg"":0.325,""zinc_mg"":0.11,""folate_ug"":26,""iodine_ug"":1,""sodium_mg"":5,""calcium_mg"":7,""magnesium_mg"":8,""potassium_mg"":155,""vitamin_c_mg"":117,""vitamin_d_ug"":0,""vitamin_b12_ug"":0},""carbs_g"":6.88,""fiber_g"":2,""sugar_g"":6.51,""protein_g"":1.08,""calories_kcal"":38,""processed_score"":null,""saturated_fat_g"":0.061}",2026-07-09 19:09:51+00
a4acc21a-29fb-457a-b64a-f4159fb49833,kokosnussmilch,ALDI,a9f276ec-7626-417f-bc35-1e1f13edddb8,bls,,H154000,Kokosmilch/Kokosnussmilch,,"{""fat_g"":21.9,""micros"":{""iron_mg"":0.348,""zinc_mg"":0.3,""folate_ug"":6,""iodine_ug"":0.9,""sodium_mg"":22,""calcium_mg"":8.7,""magnesium_mg"":23.2,""potassium_mg"":156.7,""vitamin_c_mg"":1.2,""vitamin_d_ug"":0,""vitamin_b12_ug"":0},""carbs_g"":2.1,""fiber_g"":4.9979,""sugar_g"":2.1,""protein_g"":2.774,""calories_kcal"":227,""processed_score"":null,""saturated_fat_g"":19.104}",2026-07-19 18:10:10+00
a4d987a3-b25b-441a-a6ac-d00321dd9b4e,vilsa medium mw 12x1l,Netto Marken-Discount,a9f276ec-7626-417f-bc35-1e1f13edddb8,bls,,N120000,Natürliches Mineralwasser,,"{""fat_g"":0,""micros"":{""iron_mg"":0.0001,""zinc_mg"":0.0012,""folate_ug"":0,""iodine_ug"":0.45,""sodium_mg"":2.7,""calcium_mg"":10,""magnesium_mg"":3.3,""potassium_mg"":0.5,""vitamin_c_mg"":0,""vitamin_d_ug"":0,""vitamin_b12_ug"":0},""carbs_g"":0,""fiber_g"":0,""sugar_g"":0,""protein_g"":0,""calories_kcal"":0,""processed_score"":null,""saturated_fat_g"":0}",2026-07-09 18:02:38+00
a5aaa682-9160-4c89-9500-b4d34ff9f9c9,bio bb feta,Netto Marken-Discount,a9f276ec-7626-417f-bc35-1e1f13edddb8,bls,,M012200,Feta mind. 45 % Fett i. Tr.,,"{""fat_g"":24.09,""micros"":{""iron_mg"":0.14,""zinc_mg"":1.04,""folate_ug"":21,""iodine_ug"":78,""sodium_mg"":957,""calcium_mg"":248,""magnesium_mg"":16.8,""potassium_mg"":57,""vitamin_d_ug"":0,""vitamin_b12_ug"":0.44},""carbs_g"":0,""fiber_g"":null,""sugar_g"":0,""protein_g"":15.68,""calories_kcal"":284,""processed_score"":null,""saturated_fat_g"":16.06}",2026-07-13 18:06:54+00
a8a28bea-7968-4ad1-a666-667718811ea0,don papa baroko,LIDL,a9f276ec-7626-417f-bc35-1e1f13edddb8,bls,,P741000,"Rum 37,5/40 % vol",,"{""fat_g"":0,""micros"":{""iron_mg"":0.12,""zinc_mg"":0.06,""folate_ug"":0,""iodine_ug"":1,""sodium_mg"":1,""calcium_mg"":0,""magnesium_mg"":0,""potassium_mg"":2,""vitamin_c_mg"":0,""vitamin_d_ug"":0,""vitamin_b12_ug"":0},""carbs_g"":0,""fiber_g"":0,""sugar_g"":0,""protein_g"":0,""calories_kcal"":214,""processed_score"":null,""saturated_fat_g"":0}",2025-12-30 17:28:52+00
aa9c1084-5d33-4248-a975-3d0cf14b7f14,apfel pink lady lose,Netto,2fd0f9b5-a2bf-462c-b4f3-a24244df5118,bls,,F110100,Apfel roh,,"{""fat_g"":0.5,""micros"":{""iron_mg"":0.1,""zinc_mg"":0.03,""folate_ug"":5,""iodine_ug"":2,""sodium_mg"":1,""calcium_mg"":5,""magnesium_mg"":5,""potassium_mg"":111,""vitamin_c_mg"":10.16,""vitamin_d_ug"":0,""vitamin_b12_ug"":0},""carbs_g"":11.7,""fiber_g"":2.275,""sugar_g"":10.487,""protein_g"":0.424,""calories_kcal"":58,""processed_score"":null,""saturated_fat_g"":0.201}",2026-07-15 11:01:52.963619+00
ac56b3b8-fa1b-4ece-a9e5-6533c71dd05c,beste ernte kidneybohnen,Netto Marken-Discount,a9f276ec-7626-417f-bc35-1e1f13edddb8,bls,,H742902,"Kidneybohne reif, Konserve, abgetropft",,"{""fat_g"":1,""micros"":{""iron_mg"":2.12,""zinc_mg"":0.88,""folate_ug"":33,""iodine_ug"":5,""sodium_mg"":249.1,""calcium_mg"":41,""magnesium_mg"":39,""potassium_mg"":304,""vitamin_c_mg"":0.01,""vitamin_d_ug"":0,""vitamin_b12_ug"":0},""carbs_g"":15.1,""fiber_g"":11.23,""sugar_g"":0.9,""protein_g"":8.5,""calories_kcal"":128,""processed_score"":null,""saturated_fat_g"":0.051}",2026-07-13 18:06:54+00
ad295c98-dfb5-4be5-a976-3130f81ce2ee,speisekartoffeln,LIDL,a9f276ec-7626-417f-bc35-1e1f13edddb8,bls,,K120100,"Kartoffel ungeschält, roh",,"{""fat_g"":0.1,""micros"":{""iron_mg"":0.55,""zinc_mg"":0.2,""folate_ug"":14,""iodine_ug"":3.4,""sodium_mg"":10,""calcium_mg"":4,""magnesium_mg"":18,""potassium_mg"":463,""vitamin_c_mg"":18.76,""vitamin_d_ug"":0,""vitamin_b12_ug"":0},""carbs_g"":18.46,""fiber_g"":1.42,""sugar_g"":1.46,""protein_g"":2.05,""calories_kcal"":86,""processed_score"":null,""saturated_fat_g"":0.034}",2025-12-10 20:21:39+00
ad5a8358-46a7-424b-bd97-b6976b88b700,bio griech feta,LIDL,a9f276ec-7626-417f-bc35-1e1f13edddb8,bls,,M012200,Feta mind. 45 % Fett i. Tr.,,"{""fat_g"":24.09,""micros"":{""iron_mg"":0.14,""zinc_mg"":1.04,""folate_ug"":21,""iodine_ug"":78,""sodium_mg"":957,""calcium_mg"":248,""magnesium_mg"":16.8,""potassium_mg"":57,""vitamin_d_ug"":0,""vitamin_b12_ug"":0.44},""carbs_g"":0,""fiber_g"":null,""sugar_g"":0,""protein_g"":15.68,""calories_kcal"":284,""processed_score"":null,""saturated_fat_g"":16.06}",2025-12-30 17:28:52+00
b1f395f1-d272-4012-801e-cfe58ce20bda,lieken urkorn fitnessbrot,Netto Marken-Discount,a9f276ec-7626-417f-bc35-1e1f13edddb8,bls,,B291000,Mehrkornbrot mit Ölsamen,,"{""fat_g"":3.62,""micros"":{""iron_mg"":1.461,""zinc_mg"":1.3,""folate_ug"":19,""iodine_ug"":0,""sodium_mg"":455,""calcium_mg"":35,""magnesium_mg"":49,""potassium_mg"":221,""vitamin_c_mg"":0,""vitamin_d_ug"":0,""vitamin_b12_ug"":0},""carbs_g"":42,""fiber_g"":7.67,""sugar_g"":0.779,""protein_g"":7.94,""calories_kcal"":248,""processed_score"":null,""saturated_fat_g"":0.48}",2026-07-19 18:42:18+00
b23ff4d9-2955-409b-973c-274757ef6731,blumenkohl,LIDL,a9f276ec-7626-417f-bc35-1e1f13edddb8,bls,,G311100,Blumenkohl roh,,"{""fat_g"":0.28,""micros"":{""iron_mg"":0.41,""zinc_mg"":0.31,""folate_ug"":76,""iodine_ug"":0.7,""sodium_mg"":12,""calcium_mg"":24,""magnesium_mg"":14,""potassium_mg"":280,""vitamin_c_mg"":64,""vitamin_d_ug"":0,""vitamin_b12_ug"":0},""carbs_g"":5.33,""fiber_g"":2.9,""sugar_g"":2.16,""protein_g"":2.424,""calories_kcal"":35,""processed_score"":null,""saturated_fat_g"":0.042}",2025-12-10 20:21:39+00
b541676f-fe0b-40e6-8dcc-63ddc914bea2,puten-geschnetzeltes,LIDL,a9f276ec-7626-417f-bc35-1e1f13edddb8,bls,,V486100,"Pute Brust, ohne Haut, roh",,"{""fat_g"":0.99,""micros"":{""iron_mg"":0.5,""zinc_mg"":1.08,""folate_ug"":7,""sodium_mg"":46,""calcium_mg"":4.5,""magnesium_mg"":20,""potassium_mg"":333,""vitamin_c_mg"":2.5,""vitamin_d_ug"":0.15,""vitamin_b12_ug"":0.52},""carbs_g"":0,""fiber_g"":0,""sugar_g"":0,""protein_g"":24.1,""calories_kcal"":105,""processed_score"":null,""saturated_fat_g"":0.36}",2026-06-30 19:45:15+00
b588b481-b12b-46d3-bd18-395837c2585f,bananen lose mt,Netto Marken-Discount,a9f276ec-7626-417f-bc35-1e1f13edddb8,bls,,F503100,Banane roh,,"{""fat_g"":0.4,""micros"":{""iron_mg"":0.4,""zinc_mg"":0.18,""folate_ug"":14,""iodine_ug"":3,""sodium_mg"":0.52,""calcium_mg"":6,""magnesium_mg"":28,""potassium_mg"":334,""vitamin_c_mg"":11,""vitamin_d_ug"":0,""vitamin_b12_ug"":0},""carbs_g"":15.89,""fiber_g"":2,""sugar_g"":13.89,""protein_g"":1.319,""calories_kcal"":79,""processed_score"":null,""saturated_fat_g"":0.0729}",2026-07-16 16:52:28+00
b726cd22-7560-422e-bd20-31727999fd10,banane fair bio,LIDL,a9f276ec-7626-417f-bc35-1e1f13edddb8,bls,,F503100,Banane roh,,"{""fat_g"":0.4,""micros"":{""iron_mg"":0.4,""zinc_mg"":0.18,""folate_ug"":14,""iodine_ug"":3,""sodium_mg"":0.52,""calcium_mg"":6,""magnesium_mg"":28,""potassium_mg"":334,""vitamin_c_mg"":11,""vitamin_d_ug"":0,""vitamin_b12_ug"":0},""carbs_g"":15.89,""fiber_g"":2,""sugar_g"":13.89,""protein_g"":1.319,""calories_kcal"":79,""processed_score"":null,""saturated_fat_g"":0.0729}",2026-06-30 19:45:15+00
b7775188-bcb0-41f4-90da-eb2b71bb2750,petersilie,LIDL,a9f276ec-7626-417f-bc35-1e1f13edddb8,bls,,G250100,Petersilienblatt roh,,"{""fat_g"":0.36,""micros"":{""iron_mg"":3.791,""zinc_mg"":0.83,""folate_ug"":148.5,""iodine_ug"":3.4,""sodium_mg"":125.5,""calcium_mg"":138,""magnesium_mg"":38,""potassium_mg"":445,""vitamin_c_mg"":159,""vitamin_d_ug"":0,""vitamin_b12_ug"":0},""carbs_g"":1.31,""fiber_g"":4.25,""sugar_g"":0.85,""protein_g"":4.088,""calories_kcal"":33,""processed_score"":null,""saturated_fat_g"":0.043}",2026-06-30 19:45:15+00
bae9b4b6-32d8-401a-bc61-defdd6c8f188,bio birnen,LIDL,a9f276ec-7626-417f-bc35-1e1f13edddb8,bls,,F130100,Birne roh,,"{""fat_g"":0.29,""micros"":{""iron_mg"":0.1,""zinc_mg"":0.11,""folate_ug"":4,""iodine_ug"":1,""sodium_mg"":0.778,""calcium_mg"":8,""magnesium_mg"":6,""potassium_mg"":124,""vitamin_c_mg"":4.6,""vitamin_d_ug"":0,""vitamin_b12_ug"":0},""carbs_g"":13.16,""fiber_g"":2.8,""sugar_g"":10.08,""protein_g"":0.3,""calories_kcal"":58,""processed_score"":null,""saturated_fat_g"":0.0388}",2025-12-30 17:28:52+00
c08241cc-9fa3-42ca-9dfe-21684779ac1c,lauchzwiebeln,Netto,2fd0f9b5-a2bf-462c-b4f3-a24244df5118,bls,,G482100,"Frühlingszwiebel/Lauchzwiebel, roh",,"{""fat_g"":0.19,""micros"":{""iron_mg"":1.69,""zinc_mg"":0.18,""folate_ug"":89,""iodine_ug"":1,""sodium_mg"":12,""calcium_mg"":56,""magnesium_mg"":16,""potassium_mg"":268,""vitamin_c_mg"":22,""vitamin_d_ug"":0,""vitamin_b12_ug"":0},""carbs_g"":3,""fiber_g"":2.6,""sugar_g"":2.8,""protein_g"":1.9,""calories_kcal"":27,""processed_score"":null,""saturated_fat_g"":0.032}",2026-07-15 11:02:27.93677+00
c3926344-4900-4707-b0b8-530dd1c341dd,blumenkohl a,Lidl,a9f276ec-7626-417f-bc35-1e1f13edddb8,bls,,G311100,Blumenkohl roh,,"{""fat_g"":0.28,""micros"":{""iron_mg"":0.41,""zinc_mg"":0.31,""folate_ug"":76,""iodine_ug"":0.7,""sodium_mg"":12,""calcium_mg"":24,""magnesium_mg"":14,""potassium_mg"":280,""vitamin_c_mg"":64,""vitamin_d_ug"":0,""vitamin_b12_ug"":0},""carbs_g"":5.33,""fiber_g"":2.9,""sugar_g"":2.16,""protein_g"":2.424,""calories_kcal"":35,""processed_score"":null,""saturated_fat_g"":0.042}",2026-07-20 14:22:34.756683+00
c40cae32-4df6-4b8e-be70-cca6e8df2d4d,g&g buttercroiss,E center Cramer (EDEKA),a9f276ec-7626-417f-bc35-1e1f13edddb8,bls,,D771600,Croissant (Hefeblätterteig/Plunderteig),,"{""fat_g"":23.57,""micros"":{""iron_mg"":0.7,""zinc_mg"":0.6,""folate_ug"":14,""iodine_ug"":6,""sodium_mg"":349,""calcium_mg"":44,""magnesium_mg"":17,""potassium_mg"":142,""vitamin_c_mg"":0.18,""vitamin_d_ug"":0.1,""vitamin_b12_ug"":0.1},""carbs_g"":44,""fiber_g"":2.62,""sugar_g"":7.2,""protein_g"":8,""calories_kcal"":426,""processed_score"":null,""saturated_fat_g"":13.52}",2026-07-19 16:56:44+00
c65dba6c-c01a-4d81-be0b-8083556cf283,kräuterbutter,LIDL,a9f276ec-7626-417f-bc35-1e1f13edddb8,bls,,Y790160,Kräuterbutter,,"{""fat_g"":67.3,""micros"":{""iron_mg"":0.3,""zinc_mg"":0.1,""folate_ug"":9,""iodine_ug"":19,""sodium_mg"":92,""calcium_mg"":20,""magnesium_mg"":4,""potassium_mg"":51,""vitamin_c_mg"":3,""vitamin_d_ug"":0.21,""vitamin_b12_ug"":0.2},""carbs_g"":0.9,""fiber_g"":1.134,""sugar_g"":0.9,""protein_g"":1.3,""calories_kcal"":618,""processed_score"":null,""saturated_fat_g"":43.075}",2025-12-30 17:28:52+00
c8fa3fd6-c3f8-4576-88e9-f1231b8891c1,apfel grün,LIDL,a9f276ec-7626-417f-bc35-1e1f13edddb8,bls,,F110100,Apfel roh,,"{""fat_g"":0.5,""micros"":{""iron_mg"":0.1,""zinc_mg"":0.03,""folate_ug"":5,""iodine_ug"":2,""sodium_mg"":1,""calcium_mg"":5,""magnesium_mg"":5,""potassium_mg"":111,""vitamin_c_mg"":10.16,""vitamin_d_ug"":0,""vitamin_b12_ug"":0},""carbs_g"":11.7,""fiber_g"":2.275,""sugar_g"":10.487,""protein_g"":0.424,""calories_kcal"":58,""processed_score"":null,""saturated_fat_g"":0.201}",2025-12-30 17:28:52+00
ca448228-e6ac-4f96-a1f6-2e4d47bced74,bananen lose mt,Netto,2fd0f9b5-a2bf-462c-b4f3-a24244df5118,bls,,F503100,Banane roh,,"{""fat_g"":0.4,""micros"":{""iron_mg"":0.4,""zinc_mg"":0.18,""folate_ug"":14,""iodine_ug"":3,""sodium_mg"":0.52,""calcium_mg"":6,""magnesium_mg"":28,""potassium_mg"":334,""vitamin_c_mg"":11,""vitamin_d_ug"":0,""vitamin_b12_ug"":0},""carbs_g"":15.89,""fiber_g"":2,""sugar_g"":13.89,""protein_g"":1.319,""calories_kcal"":79,""processed_score"":null,""saturated_fat_g"":0.0729}",2026-07-15 11:02:37.339246+00
cadd8284-779d-4af9-b334-7ea209ce572d,beste ernte kidneybohnen,Netto,2fd0f9b5-a2bf-462c-b4f3-a24244df5118,off,4316268668286,,Kidney Bohnen,,"{""fat_g"":0.4,""micros"":{},""carbs_g"":15.2,""fiber_g"":6.5,""iron_mg"":null,""sources"":{},""sugar_g"":1.5,""protein_g"":7.3,""calcium_mg"":null,""calories_kcal"":107,""processed_score"":3,""saturated_fat_g"":0.1}",2026-07-15 11:06:48.132663+00
cae56729-9535-47f6-8085-25b6125403f1,kidney bohnen,LIDL,a9f276ec-7626-417f-bc35-1e1f13edddb8,bls,,H742100,Kidneybohne reif,,"{""fat_g"":0.83,""micros"":{""iron_mg"":6.15,""zinc_mg"":3.05,""folate_ug"":172,""iodine_ug"":1.772,""sodium_mg"":24,""calcium_mg"":106.5,""magnesium_mg"":170,""potassium_mg"":1640,""vitamin_c_mg"":4.5,""vitamin_d_ug"":0,""vitamin_b12_ug"":0},""carbs_g"":40.3,""fiber_g"":24.9,""sugar_g"":2.4,""protein_g"":22.8,""calories_kcal"":316,""processed_score"":null,""saturated_fat_g"":0.12}",2025-12-10 20:21:39+00
cb442ac7-ab7f-47f0-aa08-4d24fe7c3b6c,bioland tofu natur a,Lidl,a9f276ec-7626-417f-bc35-1e1f13edddb8,bls,,H861000,Tofu,,"{""fat_g"":5.63,""micros"":{""iron_mg"":2.84,""zinc_mg"":1.46,""folate_ug"":21.8,""iodine_ug"":6,""sodium_mg"":13,""calcium_mg"":185,""magnesium_mg"":77.7,""potassium_mg"":135,""vitamin_d_ug"":0},""carbs_g"":0,""fiber_g"":1.3,""sugar_g"":0,""protein_g"":15.51,""calories_kcal"":115,""processed_score"":null,""saturated_fat_g"":0.924}",2026-07-20 14:23:32.376582+00
cc1a042d-8af0-4950-bd6b-2d88c3d917c8,paprika rot,Netto Marken-Discount,a9f276ec-7626-417f-bc35-1e1f13edddb8,bls,,G543100,"Gemüsepaprika rot, roh",,"{""fat_g"":0.2,""micros"":{""iron_mg"":0.377,""zinc_mg"":0.187,""folate_ug"":54,""iodine_ug"":3,""sodium_mg"":1.25,""calcium_mg"":8,""magnesium_mg"":14.12,""potassium_mg"":211,""vitamin_c_mg"":159.81,""vitamin_d_ug"":0,""vitamin_b12_ug"":0},""carbs_g"":6.19,""fiber_g"":2.2,""sugar_g"":6.19,""protein_g"":1.025,""calories_kcal"":36,""processed_score"":null,""saturated_fat_g"":0.0323}",2026-07-13 18:06:54+00
cc372eac-d6f1-4f45-8159-c27a9860792f,champignons gross,ALDI,a9f276ec-7626-417f-bc35-1e1f13edddb8,bls,,K701100,Champignon roh,,"{""fat_g"":0.274,""micros"":{""iron_mg"":1.3,""zinc_mg"":0.51,""folate_ug"":27,""iodine_ug"":6.79,""sodium_mg"":41.33,""calcium_mg"":6,""magnesium_mg"":13,""potassium_mg"":245,""vitamin_c_mg"":1,""vitamin_d_ug"":0.4},""carbs_g"":2.9,""fiber_g"":1.9,""sugar_g"":0.2,""protein_g"":3.66,""calories_kcal"":28,""processed_score"":null,""saturated_fat_g"":0.0482}",2026-07-19 17:03:57+00
cd0b0b5e-672e-4db4-9574-f984577378ab,banane lose a,Lidl,a9f276ec-7626-417f-bc35-1e1f13edddb8,bls,,F503100,Banane roh,,"{""fat_g"":0.4,""micros"":{""iron_mg"":0.4,""zinc_mg"":0.18,""folate_ug"":14,""iodine_ug"":3,""sodium_mg"":0.52,""calcium_mg"":6,""magnesium_mg"":28,""potassium_mg"":334,""vitamin_c_mg"":11,""vitamin_d_ug"":0,""vitamin_b12_ug"":0},""carbs_g"":15.89,""fiber_g"":2,""sugar_g"":13.89,""protein_g"":1.319,""calories_kcal"":79,""processed_score"":null,""saturated_fat_g"":0.0729}",2026-07-20 14:58:54.006869+00
cd89e06b-f331-4603-a9b3-398ac0d4f156,bio zucchini,LIDL,a9f276ec-7626-417f-bc35-1e1f13edddb8,bls,,G582100,Zucchini roh,,"{""fat_g"":0.287,""micros"":{""iron_mg"":0.4,""zinc_mg"":0.24,""folate_ug"":42,""iodine_ug"":2.56,""sodium_mg"":1.08,""calcium_mg"":20.4,""magnesium_mg"":28.61,""potassium_mg"":257.64,""vitamin_c_mg"":17.6,""vitamin_d_ug"":0,""vitamin_b12_ug"":0},""carbs_g"":3,""fiber_g"":1.1,""sugar_g"":2,""protein_g"":1.3,""calories_kcal"":22,""processed_score"":null,""saturated_fat_g"":0.068}",2025-12-10 20:21:39+00
cfbfd0d7-0bf0-43e6-a46f-7c674f477d7e,zwiebeln rot,LIDL,a9f276ec-7626-417f-bc35-1e1f13edddb8,bls,,G480100,Speisezwiebel roh,,"{""fat_g"":0.15,""micros"":{""iron_mg"":0.685,""zinc_mg"":0.21,""folate_ug"":15,""iodine_ug"":2,""sodium_mg"":9,""calcium_mg"":25,""magnesium_mg"":10,""potassium_mg"":174,""vitamin_c_mg"":7.4,""vitamin_d_ug"":0,""vitamin_b12_ug"":0},""carbs_g"":6.01,""fiber_g"":1.4,""sugar_g"":6.01,""protein_g"":1.156,""calories_kcal"":34,""processed_score"":null,""saturated_fat_g"":0.025}",2025-12-30 17:28:52+00
cfe84dee-3c08-4706-aaf2-e33d45fe333b,bio gurken,LIDL,a9f276ec-7626-417f-bc35-1e1f13edddb8,bls,,G520100,Gurke roh,,"{""fat_g"":0.2,""micros"":{""iron_mg"":0.228,""zinc_mg"":0.12,""folate_ug"":13,""iodine_ug"":2,""sodium_mg"":3,""calcium_mg"":19,""magnesium_mg"":12,""potassium_mg"":181,""vitamin_c_mg"":8,""vitamin_d_ug"":0,""vitamin_b12_ug"":0},""carbs_g"":1.97,""fiber_g"":0.9,""sugar_g"":1.97,""protein_g"":1.062,""calories_kcal"":16,""processed_score"":null,""saturated_fat_g"":0.067}",2025-12-30 17:28:52+00
d094b6ef-7cc9-4561-8e28-5593b84ffe98,dinkelsandwich,LIDL,a9f276ec-7626-417f-bc35-1e1f13edddb8,bls,,B710500,Dinkelbrot,,"{""fat_g"":2.39,""micros"":{""iron_mg"":2.124,""zinc_mg"":2,""folate_ug"":21,""iodine_ug"":1,""sodium_mg"":474,""calcium_mg"":35.9,""magnesium_mg"":65.8,""potassium_mg"":158,""vitamin_c_mg"":0,""vitamin_d_ug"":0,""vitamin_b12_ug"":0},""carbs_g"":38,""fiber_g"":6.76,""sugar_g"":0.684,""protein_g"":8.4,""calories_kcal"":221,""processed_score"":null,""saturated_fat_g"":0.55}",2025-12-10 20:21:39+00
d138d333-ada3-4174-bcac-ff706c3331a5,g&g vollk.sandwich,E center Cramer (EDEKA),a9f276ec-7626-417f-bc35-1e1f13edddb8,bls,,B101000,Vollkornbrot,,"{""fat_g"":1.01,""micros"":{""iron_mg"":1.843,""zinc_mg"":1.6,""folate_ug"":34.8,""iodine_ug"":0,""sodium_mg"":479,""calcium_mg"":25.2,""magnesium_mg"":57,""potassium_mg"":278,""vitamin_c_mg"":0,""vitamin_d_ug"":0,""vitamin_b12_ug"":0},""carbs_g"":38,""fiber_g"":10.04,""sugar_g"":0.817,""protein_g"":7.16,""calories_kcal"":210,""processed_score"":null,""saturated_fat_g"":0.12}",2026-07-19 16:56:44+00
d1aae06a-81f3-45b0-a4e6-b33b84c3240d,broccoli,LIDL,a9f276ec-7626-417f-bc35-1e1f13edddb8,bls,,G312100,Broccoli roh,,"{""fat_g"":0.5967,""micros"":{""iron_mg"":0.978,""zinc_mg"":0.66,""folate_ug"":89,""iodine_ug"":2,""sodium_mg"":26,""calcium_mg"":43,""magnesium_mg"":27,""potassium_mg"":396,""vitamin_c_mg"":80.95,""vitamin_d_ug"":0,""vitamin_b12_ug"":0},""carbs_g"":2.3,""fiber_g"":3,""sugar_g"":1.38,""protein_g"":3.622,""calories_kcal"":35,""processed_score"":null,""saturated_fat_g"":0.1189}",2025-12-10 20:21:39+00
d2806854-5118-4169-8bc8-ca54c5ad8b02,lava bar cookie,LIDL,a9f276ec-7626-417f-bc35-1e1f13edddb8,bls,,D7A2100,Schokoladen-Mandel-Cookies vegan,,"{""fat_g"":33.2,""micros"":{""iron_mg"":4.3,""zinc_mg"":1.981,""folate_ug"":18,""iodine_ug"":1,""sodium_mg"":113,""calcium_mg"":51,""magnesium_mg"":104,""potassium_mg"":318,""vitamin_c_mg"":0,""vitamin_d_ug"":0.47,""vitamin_b12_ug"":0.1},""carbs_g"":44.1,""fiber_g"":6.9,""sugar_g"":24.17,""protein_g"":9.44,""calories_kcal"":527,""processed_score"":null,""saturated_fat_g"":11.88}",2026-06-30 19:45:15+00
d37e8e1c-48c4-4531-9975-dd834778cdbd,bioland schlagsahne a,Lidl,a9f276ec-7626-417f-bc35-1e1f13edddb8,bls,,M173800,Schlagsahne mind. 30 % Fett,,"{""fat_g"":31.7,""micros"":{""iron_mg"":0.03,""zinc_mg"":0.26,""folate_ug"":4,""iodine_ug"":2.4,""sodium_mg"":34,""calcium_mg"":80,""magnesium_mg"":10,""potassium_mg"":112,""vitamin_c_mg"":1,""vitamin_d_ug"":0.094,""vitamin_b12_ug"":0.4},""carbs_g"":3.27,""fiber_g"":0,""sugar_g"":3.27,""protein_g"":2.312,""calories_kcal"":308,""processed_score"":null,""saturated_fat_g"":16.88}",2026-07-20 14:25:56.331342+00
d395f3f3-fcf6-47e6-87a6-e14dd95cace7,bioland tofu natur,LIDL,a9f276ec-7626-417f-bc35-1e1f13edddb8,bls,,H861000,Tofu,,"{""fat_g"":5.63,""micros"":{""iron_mg"":2.84,""zinc_mg"":1.46,""folate_ug"":21.8,""iodine_ug"":6,""sodium_mg"":13,""calcium_mg"":185,""magnesium_mg"":77.7,""potassium_mg"":135,""vitamin_d_ug"":0},""carbs_g"":0,""fiber_g"":1.3,""sugar_g"":0,""protein_g"":15.51,""calories_kcal"":115,""processed_score"":null,""saturated_fat_g"":0.924}",2025-12-10 20:21:39+00
d44ade59-52ea-4d44-b622-6d3fd58be211,vl eier fh,Netto Marken-Discount,a9f276ec-7626-417f-bc35-1e1f13edddb8,bls,,E111100,Hühnerei roh,,"{""fat_g"":9,""micros"":{""iron_mg"":1.8,""zinc_mg"":1.28,""folate_ug"":76,""iodine_ug"":43.5,""sodium_mg"":154,""calcium_mg"":52,""magnesium_mg"":13,""potassium_mg"":138,""vitamin_d_ug"":1.8,""vitamin_b12_ug"":2.7},""carbs_g"":0.34,""fiber_g"":0,""sugar_g"":0.34,""protein_g"":13.175,""calories_kcal"":135,""processed_score"":null,""saturated_fat_g"":2.437}",2026-07-14 17:59:41+00
d54b51c1-9245-442c-b575-6708d123f313,mb vegan mandel riegel,Netto Marken-Discount,a9f276ec-7626-417f-bc35-1e1f13edddb8,bls,,S830000,Müsli-Riegel,,"{""fat_g"":15.4,""micros"":{""iron_mg"":2.2,""zinc_mg"":1.21,""folate_ug"":43,""iodine_ug"":1,""sodium_mg"":144,""calcium_mg"":34,""magnesium_mg"":68,""potassium_mg"":251,""vitamin_c_mg"":0,""vitamin_d_ug"":0,""vitamin_b12_ug"":0},""carbs_g"":58.5,""fiber_g"":6.1,""sugar_g"":18.7,""protein_g"":8.4,""calories_kcal"":428,""processed_score"":null,""saturated_fat_g"":4.3}",2026-07-11 18:34:46+00
d7eaefb5-cf22-4b6f-b5b3-3ad77f2b969f,thuer.mett/hackep,E center Cramer (EDEKA),a9f276ec-7626-417f-bc35-1e1f13edddb8,bls,,U020100,"Schwein Hackfleisch, roh",,"{""fat_g"":22.14,""micros"":{""iron_mg"":0.5716,""zinc_mg"":1.8021,""folate_ug"":1.9,""sodium_mg"":52.7,""calcium_mg"":3.8,""magnesium_mg"":17.6,""potassium_mg"":296.1,""vitamin_d_ug"":0.47},""carbs_g"":0,""fiber_g"":0,""sugar_g"":0,""protein_g"":17.88,""calories_kcal"":271,""processed_score"":null,""saturated_fat_g"":7.391}",2026-07-19 18:38:02+00
d81e2cc3-e0ca-4360-b6b7-96ce929757ef,minipflaumen tomaten,Netto,2fd0f9b5-a2bf-462c-b4f3-a24244df5118,bls,,G561100,Tomate roh,,"{""fat_g"":0.11,""micros"":{""iron_mg"":0.2,""zinc_mg"":0.14,""folate_ug"":26,""iodine_ug"":2,""sodium_mg"":4,""calcium_mg"":10,""magnesium_mg"":12,""potassium_mg"":239,""vitamin_c_mg"":24.76,""vitamin_d_ug"":0,""vitamin_b12_ug"":0},""carbs_g"":3.25,""fiber_g"":1.3,""sugar_g"":3.25,""protein_g"":0.95,""calories_kcal"":22,""processed_score"":null,""saturated_fat_g"":0.0216}",2026-07-15 11:06:14.184754+00
d894386d-e5c7-4600-b109-516b6b1b184a,knoblauch,LIDL,a9f276ec-7626-417f-bc35-1e1f13edddb8,bls,,G490100,Knoblauch roh,,"{""fat_g"":0.42,""micros"":{""iron_mg"":0.6958,""zinc_mg"":0.88,""folate_ug"":81,""iodine_ug"":2.5,""sodium_mg"":7.8678,""calcium_mg"":14.42,""magnesium_mg"":16.382,""potassium_mg"":384.7096,""vitamin_c_mg"":14,""vitamin_d_ug"":0,""vitamin_b12_ug"":0},""carbs_g"":3,""fiber_g"":28.297,""sugar_g"":2,""protein_g"":6.05,""calories_kcal"":97,""processed_score"":null,""saturated_fat_g"":0.063}",2025-12-30 17:28:52+00
dd207d20-a0c3-4b1a-b64e-94e0a0df50d7,bioland speisek,LIDL,a9f276ec-7626-417f-bc35-1e1f13edddb8,bls,,K120100,"Kartoffel ungeschält, roh",,"{""fat_g"":0.1,""micros"":{""iron_mg"":0.55,""zinc_mg"":0.2,""folate_ug"":14,""iodine_ug"":3.4,""sodium_mg"":10,""calcium_mg"":4,""magnesium_mg"":18,""potassium_mg"":463,""vitamin_c_mg"":18.76,""vitamin_d_ug"":0,""vitamin_b12_ug"":0},""carbs_g"":18.46,""fiber_g"":1.42,""sugar_g"":1.46,""protein_g"":2.05,""calories_kcal"":86,""processed_score"":null,""saturated_fat_g"":0.034}",2025-12-30 17:28:52+00
de80b06e-98c6-4d0b-8ddf-01530b8b9285,apfel pink lady lose,Netto Marken-Discount,a9f276ec-7626-417f-bc35-1e1f13edddb8,bls,,F110100,Apfel roh,,"{""fat_g"":0.5,""micros"":{""iron_mg"":0.1,""zinc_mg"":0.03,""folate_ug"":5,""iodine_ug"":2,""sodium_mg"":1,""calcium_mg"":5,""magnesium_mg"":5,""potassium_mg"":111,""vitamin_c_mg"":10.16,""vitamin_d_ug"":0,""vitamin_b12_ug"":0},""carbs_g"":11.7,""fiber_g"":2.275,""sugar_g"":10.487,""protein_g"":0.424,""calories_kcal"":58,""processed_score"":null,""saturated_fat_g"":0.201}",2026-07-07 16:20:20+00
dfbe0768-9891-4700-af12-8a2362cdf93d,bioland schlagsahne,LIDL,a9f276ec-7626-417f-bc35-1e1f13edddb8,bls,,M173800,Schlagsahne mind. 30 % Fett,,"{""fat_g"":31.7,""micros"":{""iron_mg"":0.03,""zinc_mg"":0.26,""folate_ug"":4,""iodine_ug"":2.4,""sodium_mg"":34,""calcium_mg"":80,""magnesium_mg"":10,""potassium_mg"":112,""vitamin_c_mg"":1,""vitamin_d_ug"":0.094,""vitamin_b12_ug"":0.4},""carbs_g"":3.27,""fiber_g"":0,""sugar_g"":3.27,""protein_g"":2.312,""calories_kcal"":308,""processed_score"":null,""saturated_fat_g"":16.88}",2025-12-10 20:21:39+00
e007fbc4-39bf-44bc-8d81-176c28ec5d1f,speisekartoffeln a,Lidl,a9f276ec-7626-417f-bc35-1e1f13edddb8,bls,,K120100,"Kartoffel ungeschält, roh",,"{""fat_g"":0.1,""micros"":{""iron_mg"":0.55,""zinc_mg"":0.2,""folate_ug"":14,""iodine_ug"":3.4,""sodium_mg"":10,""calcium_mg"":4,""magnesium_mg"":18,""potassium_mg"":463,""vitamin_c_mg"":18.76,""vitamin_d_ug"":0,""vitamin_b12_ug"":0},""carbs_g"":18.46,""fiber_g"":1.42,""sugar_g"":1.46,""protein_g"":2.05,""calories_kcal"":86,""processed_score"":null,""saturated_fat_g"":0.034}",2026-07-20 14:21:40.311478+00
e3f8428d-5ed6-4687-9187-d72893a51c33,oro d.p stück.tomate,LIDL,a9f276ec-7626-417f-bc35-1e1f13edddb8,bls,,G560900,Tomate Konserve,,"{""fat_g"":0.2,""micros"":{""iron_mg"":0.542,""zinc_mg"":0.23,""folate_ug"":15,""iodine_ug"":1,""sodium_mg"":86,""calcium_mg"":27,""magnesium_mg"":12.846,""potassium_mg"":186,""vitamin_c_mg"":16.5,""vitamin_d_ug"":0,""vitamin_b12_ug"":0},""carbs_g"":2.536,""fiber_g"":0.93,""sugar_g"":2.498,""protein_g"":1.15,""calories_kcal"":19,""processed_score"":null,""saturated_fat_g"":0.021}",2025-12-30 17:28:52+00
e69b3177-f001-4413-a9a3-740dc5bfefa3,raclette-käse,LIDL,a9f276ec-7626-417f-bc35-1e1f13edddb8,bls,,M307700,Raclettekäse mind. 45 % Fett i. Tr.,,"{""fat_g"":27.5,""micros"":{""iron_mg"":0.3,""zinc_mg"":3,""folate_ug"":42,""iodine_ug"":26,""sodium_mg"":638,""calcium_mg"":690,""magnesium_mg"":29,""potassium_mg"":88,""vitamin_c_mg"":0,""vitamin_d_ug"":0.56,""vitamin_b12_ug"":2},""carbs_g"":0,""fiber_g"":0,""sugar_g"":0,""protein_g"":22.8,""calories_kcal"":342,""processed_score"":null,""saturated_fat_g"":17.9}",2025-12-30 17:28:52+00
e6f3cfa4-e4dc-4ac4-b48b-476191a48d5d,miniplaumen tomaten,Netto Marken-Discount,a9f276ec-7626-417f-bc35-1e1f13edddb8,bls,,G561100,Tomate roh,,"{""fat_g"":0.11,""micros"":{""iron_mg"":0.2,""zinc_mg"":0.14,""folate_ug"":26,""iodine_ug"":2,""sodium_mg"":4,""calcium_mg"":10,""magnesium_mg"":12,""potassium_mg"":239,""vitamin_c_mg"":24.76,""vitamin_d_ug"":0,""vitamin_b12_ug"":0},""carbs_g"":3.25,""fiber_g"":1.3,""sugar_g"":3.25,""protein_g"":0.95,""calories_kcal"":22,""processed_score"":null,""saturated_fat_g"":0.0216}",2026-07-07 16:20:20+00
e7b552d3-f9c2-4cd1-b961-78d1bf256629,xxl lachsfilet a,Lidl,a9f276ec-7626-417f-bc35-1e1f13edddb8,bls,,T410100,Lachs roh,,"{""fat_g"":11.2,""micros"":{""iron_mg"":0.24,""zinc_mg"":0.32,""folate_ug"":53.6,""iodine_ug"":5,""sodium_mg"":31.9,""calcium_mg"":11,""magnesium_mg"":23.3,""potassium_mg"":396,""vitamin_d_ug"":3.8,""vitamin_b12_ug"":3.9},""carbs_g"":0,""fiber_g"":null,""sugar_g"":0,""protein_g"":19.9,""calories_kcal"":180,""processed_score"":null,""saturated_fat_g"":2.398}",2026-07-20 14:10:03.316878+00
e9939253-1cd9-4501-b69f-742dfd04edb0,gw hummus pikant,Netto Marken-Discount,a9f276ec-7626-417f-bc35-1e1f13edddb8,bls,,H960000,Hummus/Kichererbsenmus,,"{""fat_g"":28.5,""micros"":{""iron_mg"":1.7,""zinc_mg"":1.2,""folate_ug"":28,""iodine_ug"":1,""sodium_mg"":392,""calcium_mg"":58,""magnesium_mg"":65,""potassium_mg"":190,""vitamin_c_mg"":1.4,""vitamin_d_ug"":0,""vitamin_b12_ug"":0},""carbs_g"":8,""fiber_g"":5.9,""sugar_g"":0.7,""protein_g"":5.9,""calories_kcal"":324,""processed_score"":null,""saturated_fat_g"":3.5}",2026-07-16 16:52:28+00
e9bfb9d7-1161-47e8-a3c2-09b9d03a80da,carat jodsalz mit fluorid,Netto Marken-Discount,a9f276ec-7626-417f-bc35-1e1f13edddb8,bls,,R113000,"Speisesalz jodiert/Jodsalz, mit Fluorid",,"{""fat_g"":0,""micros"":{""zinc_mg"":0.086,""folate_ug"":0,""iodine_ug"":1946,""sodium_mg"":38145,""potassium_mg"":125,""vitamin_c_mg"":0,""vitamin_d_ug"":0,""vitamin_b12_ug"":0},""carbs_g"":0,""fiber_g"":0,""sugar_g"":0,""protein_g"":0,""calories_kcal"":0,""processed_score"":null,""saturated_fat_g"":0}",2026-07-14 17:59:41+00
e9f141d3-d97a-46dc-a20e-3606143347ac,chili mix tri,REWE,a9f276ec-7626-417f-bc35-1e1f13edddb8,bls,,G554100,"Pfefferschote rot, roh",,"{""fat_g"":0.44,""micros"":{""iron_mg"":1.03,""zinc_mg"":0.26,""folate_ug"":23,""iodine_ug"":0,""sodium_mg"":9,""calcium_mg"":14,""magnesium_mg"":23,""potassium_mg"":322,""vitamin_c_mg"":184,""vitamin_d_ug"":0,""vitamin_b12_ug"":0},""carbs_g"":6.19,""fiber_g"":1.5,""sugar_g"":6.19,""protein_g"":1.87,""calories_kcal"":40,""processed_score"":null,""saturated_fat_g"":0.042}",2026-07-15 18:14:26+00
ea376e76-2d0b-44cc-8bbe-1f6c90f0c467,bio paprika mix,Netto,2fd0f9b5-a2bf-462c-b4f3-a24244df5118,bls,,G543100,"Gemüsepaprika rot, roh",,"{""fat_g"":0.2,""micros"":{""iron_mg"":0.377,""zinc_mg"":0.187,""folate_ug"":54,""iodine_ug"":3,""sodium_mg"":1.25,""calcium_mg"":8,""magnesium_mg"":14.12,""potassium_mg"":211,""vitamin_c_mg"":159.81,""vitamin_d_ug"":0,""vitamin_b12_ug"":0},""carbs_g"":6.19,""fiber_g"":2.2,""sugar_g"":6.19,""protein_g"":1.025,""calories_kcal"":36,""processed_score"":null,""saturated_fat_g"":0.0323}",2026-07-15 11:01:33.199359+00
ede15e36-642b-48aa-a9f7-3dac628c9132,salatgurke b,Rewe,a9f276ec-7626-417f-bc35-1e1f13edddb8,bls,,G520100,Gurke roh,,"{""fat_g"":0.2,""micros"":{""iron_mg"":0.228,""zinc_mg"":0.12,""folate_ug"":13,""iodine_ug"":2,""sodium_mg"":3,""calcium_mg"":19,""magnesium_mg"":12,""potassium_mg"":181,""vitamin_c_mg"":8,""vitamin_d_ug"":0,""vitamin_b12_ug"":0},""carbs_g"":1.97,""fiber_g"":0.9,""sugar_g"":1.97,""protein_g"":1.062,""calories_kcal"":16,""processed_score"":null,""saturated_fat_g"":0.067}",2026-07-20 14:06:37.985802+00
f4284410-d995-41d2-bfca-675cd101ccb2,orig thuer rostbratwurst,Netto Marken-Discount,a9f276ec-7626-417f-bc35-1e1f13edddb8,bls,,W222600,Rostbratwurst,,"{""fat_g"":12.66,""micros"":{""iron_mg"":0.599,""zinc_mg"":1.64,""folate_ug"":0.29,""iodine_ug"":0,""sodium_mg"":759.4,""calcium_mg"":4.9,""magnesium_mg"":12,""potassium_mg"":214.3,""vitamin_c_mg"":0,""vitamin_d_ug"":0.22,""vitamin_b12_ug"":0.25},""carbs_g"":0.08,""fiber_g"":0.04,""sugar_g"":0,""protein_g"":15.9,""calories_kcal"":178,""processed_score"":null,""saturated_fat_g"":4.68}",2026-07-09 19:41:59+00
f58c1c22-a48c-4a6d-8611-8a1fe53d3227,xxl lachsfilet,LIDL,a9f276ec-7626-417f-bc35-1e1f13edddb8,bls,,T410100,Lachs roh,,"{""fat_g"":11.2,""micros"":{""iron_mg"":0.24,""zinc_mg"":0.32,""folate_ug"":53.6,""iodine_ug"":5,""sodium_mg"":31.9,""calcium_mg"":11,""magnesium_mg"":23.3,""potassium_mg"":396,""vitamin_d_ug"":3.8,""vitamin_b12_ug"":3.9},""carbs_g"":0,""fiber_g"":null,""sugar_g"":0,""protein_g"":19.9,""calories_kcal"":180,""processed_score"":null,""saturated_fat_g"":2.398}",2025-12-10 20:21:39+00
f6a4a180-98de-4638-bdaf-ecef7444ae0a,hähn „minutenschnitz a,Lidl,a9f276ec-7626-417f-bc35-1e1f13edddb8,bls,,V416100,"Hähnchen Brustfilet, roh",,"{""fat_g"":1.81,""micros"":{""iron_mg"":0.6195,""zinc_mg"":0.623,""folate_ug"":8.2,""sodium_mg"":51.2,""calcium_mg"":4.5,""magnesium_mg"":31.5,""potassium_mg"":429.3,""vitamin_c_mg"":2.5,""vitamin_d_ug"":0.15,""vitamin_b12_ug"":0.1},""carbs_g"":0,""fiber_g"":0,""sugar_g"":0,""protein_g"":23.25,""calories_kcal"":109,""processed_score"":null,""saturated_fat_g"":0.41}",2026-07-20 14:29:58.286093+00
f8836395-5e42-4d3b-b635-5b2311cade24,zwiebeln rot,Kaufland,a9f276ec-7626-417f-bc35-1e1f13edddb8,bls,,G480100,Speisezwiebel roh,,"{""fat_g"":0.15,""micros"":{""iron_mg"":0.685,""zinc_mg"":0.21,""folate_ug"":15,""iodine_ug"":2,""sodium_mg"":9,""calcium_mg"":25,""magnesium_mg"":10,""potassium_mg"":174,""vitamin_c_mg"":7.4,""vitamin_d_ug"":0,""vitamin_b12_ug"":0},""carbs_g"":6.01,""fiber_g"":1.4,""sugar_g"":6.01,""protein_g"":1.156,""calories_kcal"":34,""processed_score"":null,""saturated_fat_g"":0.025}",2026-07-09 19:09:51+00
fb645355-91df-4111-946a-89029e76dc68,bio olivenöl,ALDI,a9f276ec-7626-417f-bc35-1e1f13edddb8,bls,,Q120000,Olivenöl,,"{""fat_g"":99.9,""micros"":{""iron_mg"":0.131709,""zinc_mg"":0.04469,""folate_ug"":0,""iodine_ug"":0.1326,""sodium_mg"":1.49,""calcium_mg"":0.231528,""magnesium_mg"":0.809997,""potassium_mg"":1.31,""vitamin_c_mg"":0,""vitamin_d_ug"":0,""vitamin_b12_ug"":0},""carbs_g"":0,""fiber_g"":0,""sugar_g"":0,""protein_g"":0,""calories_kcal"":899,""processed_score"":null,""saturated_fat_g"":12}",2026-07-19 16:24:36+00
fbed045b-e622-4c0f-a232-a0f52c029ebd,beste ernte kichererbsen,Netto,2fd0f9b5-a2bf-462c-b4f3-a24244df5118,off,4316268577298,,"Kichererbsen, BESTE ERNTE",,"{""fat_g"":2.6,""micros"":{},""carbs_g"":15.2,""fiber_g"":6.2,""iron_mg"":null,""sources"":{},""sugar_g"":0.5,""protein_g"":7.3,""calcium_mg"":null,""calories_kcal"":126,""processed_score"":3,""saturated_fat_g"":0.4}",2026-07-15 11:06:39.138869+00
fca5d946-a860-442d-a39b-2e5ae3329901,weidemilch,LIDL,a9f276ec-7626-417f-bc35-1e1f13edddb8,bls,,M111300,"Vollmilch frisch, 3,5 % Fett, pasteurisiert",,"{""fat_g"":3.49,""micros"":{""iron_mg"":0.018,""zinc_mg"":0.34,""folate_ug"":4.5,""iodine_ug"":14,""sodium_mg"":34.9,""calcium_mg"":117,""magnesium_mg"":11.2,""potassium_mg"":153.5,""vitamin_c_mg"":0.95572,""vitamin_d_ug"":0,""vitamin_b12_ug"":0.37},""carbs_g"":4.03,""fiber_g"":0,""sugar_g"":4.03,""protein_g"":3.55,""calories_kcal"":62,""processed_score"":null,""saturated_fat_g"":2.209}",2026-06-30 19:45:15+00
fcc70dfe-4501-41cb-8c4e-10e51c765b9a,chili mix tri b,Rewe,a9f276ec-7626-417f-bc35-1e1f13edddb8,bls,,G554100,"Pfefferschote rot, roh",,"{""fat_g"":0.44,""micros"":{""iron_mg"":1.03,""zinc_mg"":0.26,""folate_ug"":23,""iodine_ug"":0,""sodium_mg"":9,""calcium_mg"":14,""magnesium_mg"":23,""potassium_mg"":322,""vitamin_c_mg"":184,""vitamin_d_ug"":0,""vitamin_b12_ug"":0},""carbs_g"":6.19,""fiber_g"":1.5,""sugar_g"":6.19,""protein_g"":1.87,""calories_kcal"":40,""processed_score"":null,""saturated_fat_g"":0.042}",2026-07-20 14:07:56.605801+00
feca575a-cf23-4368-b0b3-57a797d7e809,gl weidemilch,Netto Marken-Discount,a9f276ec-7626-417f-bc35-1e1f13edddb8,bls,,M114200,"Milch fettarm, 1,5 % Fett, laktosefrei, pasteurisiert",,"{""fat_g"":1.54,""micros"":{""iron_mg"":0.017,""zinc_mg"":0.34,""folate_ug"":6.1,""iodine_ug"":11.7,""sodium_mg"":47,""calcium_mg"":121,""magnesium_mg"":11.4,""potassium_mg"":156,""vitamin_c_mg"":0.90399,""vitamin_d_ug"":0,""vitamin_b12_ug"":0.336},""carbs_g"":4.11,""fiber_g"":0,""sugar_g"":4.11,""protein_g"":3.49,""calories_kcal"":44,""processed_score"":null,""saturated_fat_g"":1.04}",2026-07-11 18:34:46+00
ff87256d-f2bd-4062-897d-f2d843eea12a,miracel whip,E center Cramer (EDEKA),a9f276ec-7626-417f-bc35-1e1f13edddb8,bls,,Q993000,Salatmayonnaise (Fertigprodukt),,"{""fat_g"":50.751,""micros"":{""iron_mg"":0.25,""zinc_mg"":0.14,""folate_ug"":4,""iodine_ug"":3,""sodium_mg"":515,""calcium_mg"":8,""magnesium_mg"":1,""potassium_mg"":19,""vitamin_c_mg"":0,""vitamin_d_ug"":0,""vitamin_b12_ug"":0.23},""carbs_g"":7.295,""fiber_g"":0.028,""sugar_g"":4.891,""protein_g"":0.4,""calories_kcal"":490,""processed_score"":null,""saturated_fat_g"":4.2}",2026-07-19 18:38:02+00